2.20125,1000,Yrs,Musical,Listeng,,,,,,,,,,,,,,
3.34,17,C,Intell,Hist,,,,,,,,,,,,,,
2.98,17c,Intellect,History,,,,,,,,,,,,,,,
2.99,19th,Cent,Eur,Intel,Hist,,,,,,,,,,,,,
3.01,20th,Cent,Eur,Intel,Hist,,,,,,,,,,,,,
2.405,20th-cent,Poetry,,,,,,,,,,,,,,,,
2.835,20th-century,Novel,,,,,,,,,,,,,,,,
2.99,2nd,Sem,Ind,Stdy,In,Be,,,,,,,,,,,,
2.525,3-d,Computer,Modeling,,,,,,,,,,,,,,,
2.466,3-d,Computer,Modeling,And,Sculpture,,,,,,,,,,,,,
1.21125,3-d,Design,,,,,,,,,,,,,,,,
2.546666667,3d,Comp,Modlg/sculp,,,,,,,,,,,,,,,
2.605,3d,Computer,Modeling,,,,,,,,,,,,,,,
3,4w,Csh,-,Rehab,/,Pulmonary,,,,,,,,,,,,
2.39,A,History,Of,Films,By,And,About,Native,Americans,,,,,,,,,
2.516,A,World,At,War,,,,,,,,,,,,,,
2.48,Abnormal,Psychology,,,,,,,,,,,,,,,,
3.73,Acct,For,Complx,Fin,Stru,,,,,,,,,,,,,
3.5,Achaemenids,And,Hellenistic,Aftermath,,,,,,,,,,,,,,
2.44,Acting,Shakespeare,,,,,,,,,,,,,,,,
2.943333333,Actuarial,Statistics,,,,,,,,,,,,,,,,
1.917142857,Adolescent,Clinical@chop,,,,,,,,,,,,,,,,
3.2725,Adv,Chem,Eng,Science,,,,,,,,,,,,,,
3,Adv,Clin,Prac,Clinical,Advanced,Clinical,Practice,Peds,Clinical,,,,,,,,,
1.93,Adv,Journalistic,Writing,,,,,,,,,,,,,,,
2.11,Adv,Journalistic,Writing,Global,Journalism,,,,,,,,,,,,,
1.75,Adv,Journalistic,Writing,Journalistic,Story-tell.,,,,,,,,,,,,,
2.765,Adv,Non-fic,Writing,,,,,,,,,,,,,,,
2.544,Adv,Proj,In,Popular,Cult,Adv,Writing,Projects,,,,,,,,,,
2.7,Adv,Rdgs,Mod,Korean,I,,,,,,,,,,,,,
3.536,Adv,Real,Est,Inv,Analys,,,,,,,,,,,,,
2.28,Adv,Span/med,Profs,,,,,,,,,,,,,,,
2.89,Adv,Synth,&amp;,Spectro,Lab,Advanced,Synthesis,And,Spectroscopy,Lab,,,,,,,,
2.003333333,Adv,Topics,Negotiation,,,,,,,,,,,,,,,
3.64,Adv,Tpc,In,Phys/chem,Be,,,,,,,,,,,,,
3.426666667,Adv,Tpcs,In,Algorithms,,,,,,,,,,,,,,
2.735,Adv,Writing,For,Children,,,,,,,,,,,,,,
3,Adv.,Topic,Behav.,Genet.,,,,,,,,,,,,,,
1.833333333,Advanced,Acting,Acting,Level,Ii,,,,,,,,,,,,,
3.389333333,Advanced,Calculus,,,,,,,,,,,,,,,,
3.07,Advanced,Cell,Biology,,,,,,,,,,,,,,,
2.9265,Advanced,Clinical,Practice,Adult,Health,&amp;,Illness,Clinical,,,,,,,,,,
2.7075,Advanced,Clinical,Practice,Community,Health,Clinical,,,,,,,,,,,,
3.02,Advanced,Clinical,Practice,Hillman,Clinical,-,Ny,Presbyterian,,,,,,,,,,
3,Advanced,Clinical,Practice,Hillman,Clinical,-,Nyu,Hospital,,,,,,,,,,
2.6475,Advanced,Clinical,Practice,Ob,Clinical,,,,,,,,,,,,,
2.12,Advanced,Clinical,Practice,Ob,Clinical,Pa,Hospital,,,,,,,,,,,
2.668571429,Advanced,Clinical,Practice,Pediatrics,Clinical,,,,,,,,,,,,,
2.68,Advanced,Clinical,Practice,Peds,Clinical,,,,,,,,,,,,,
2.728181818,Advanced,Clinical,Practice,Theory,,,,,,,,,,,,,,
3.114347826,Advanced,Corp,Finance,,,,,,,,,,,,,,,
2.1225,Advanced,Decision,Sys,,,,,,,,,,,,,,,
2.29,Advanced,Digital,Photo,,,,,,,,,,,,,,,
2.635,Advanced,Digital,Photography,,,,,,,,,,,,,,,
2.973333333,Advanced,Ecology,,,,,,,,,,,,,,,,
3.136666667,Advanced,Econ,Tech,&amp;,App,,,,,,,,,,,,,
3.265,Advanced,Evolution,,,,,,,,,,,,,,,,
2.274,Advanced,Fiction,Writing,,,,,,,,,,,,,,,
2.59,Advanced,Graphic,Design,And,Typography,,,,,,,,,,,,,
2.2675,Advanced,Poetry,Writing,,,,,,,,,,,,,,,
3,Advanced,Project,Animation,Anatomic,Systems,(Character,Animation),,,,,,,,,,,
3,Advanced,Projects,In,Animation,Facial,Animation,,,,,,,,,,,,
2.8,Advanced,Projects,In,Animation,Lab,,,,,,,,,,,,,
2.07,Advanced,Screen,Writing,,,,,,,,,,,,,,,
2.05,Advanced,Screenwriting,,,,,,,,,,,,,,,,
3.835,Advanced,Seminar,Financial,Engineering,,,,,,,,,,,,,,
1.17,Advanced,Seminar,On,Private,Equity,,,,,,,,,,,,,
2.833333333,Advanced,Wheel,Studio,,,,,,,,,,,,,,,
2.783333333,Advances,In,Health,Systems,Research,And,Analysis,,,,,,,,,,,
1.681,Advertising,Management,,,,,,,,,,,,,,,,
2.3025,Aesthetics,,,,,,,,,,,,,,,,,
2.01,Afr,Hist,Before,1800,,,,,,,,,,,,,,
2.883333333,Africa,&amp;,The,Mid-east,,,,,,,,,,,,,,
2.22,Africa,Since,1800,,,,,,,,,,,,,,,
1.458,African,Lang.,&amp;,Culture,,,,,,,,,,,,,,
2.51,African-american,Lit,,,,,,,,,,,,,,,,
2.27,Afro,Amer,Hist,,,,,,,,,,,,,,,
2.1875,Afro,Amer,Hist,1876-pres,,,,,,,,,,,,,,
2.43,Age,Of,Caesar,,,,,,,,,,,,,,,
2.665,Agent-based,Mod,,,,,,,,,,,,,,,,
2,Air,Pollution,Sources,&amp;,Effects,In,Urban,Environments,,,,,,,,,,
3.402777778,Algebra,,,,,,,,,,,,,,,,,
2.47,Algorithmic,Game,Theory,,,,,,,,,,,,,,,
2.76,Am,Diplo,Hist,Since,1776,,,,,,,,,,,,,
2.615,Amer,Con,Law,Ii,,,,,,,,,,,,,,
2.283333333,Amer,Expansion-pacific,,,,,,,,,,,,,,,,
1.965,Amer,Jewish,Experience,,,,,,,,,,,,,,,
2.536666667,Amer,Revolution,,,,,,,,,,,,,,,,
2.552,America,In,The,1960s,,,,,,,,,,,,,,
2.7475,American,Capitalism,,,,,,,,,,,,,,,,
2.01,American,Dialects,,,,,,,,,,,,,,,,
2.708,American,Foreign,Policy,,,,,,,,,,,,,,,
2.7025,American,Health,Policy,,,,,,,,,,,,,,,
2.27,American,Musical,Theatre,,,,,,,,,,,,,,,
2.243333333,American,Poetry,,,,,,,,,,,,,,,,
2.45,American,Polit,Thought,,,,,,,,,,,,,,,
1.8375,American,Society,,,,,,,,,,,,,,,,
2.695,American,South,1861-pres,,,,,,,,,,,,,,,
2.131111111,Anal,Meth,Econ,Law,Med,,,,,,,,,,,,,
2.766,Analytical,Mechanics,,,,,,,,,,,,,,,,
3.3625,Analytical,Meth,For,Eng,,,,,,,,,,,,,,
2.215,Ancient,Civs,Of,The,Wrld,,,,,,,,,,,,,
2.54,Ancient,Greece,,,,,,,,,,,,,,,,
1.785,Ancient,Japanese,Civ,,,,,,,,,,,,,,,
2.605,Ancient,Moral,Philosophy,,,,,,,,,,,,,,,
2.265,Ancient,Political,Though,,,,,,,,,,,,,,,
2.372,Ancient,Rome,,,,,,,,,,,,,,,,
2.771428571,Animal,Behavior,,,,,,,,,,,,,,,,
2.72,Animal,Behavior,The,Evolution,Of,Behavior,,,,,,,,,,,,
2.055,Animal,Cognition,,,,,,,,,,,,,,,,
2.155,Animals,In,Sci,Med,Tech,,,,,,,,,,,,,
2.355,Anth,&amp;,Everyday,Bioethi,,,,,,,,,,,,,,
1.96,Anth,Of,Corporations,,,,,,,,,,,,,,,
2.19,Anth,Of,Global,Labor,,,,,,,,,,,,,,
2.5,Anthro,&amp;,Public,Health,Anthropology,And,Public,Health,,,,,,,,,,
1.755,Anthro,Study,Of,Culture,Lecture,,,,,,,,,,,,,
1.925,App,Of,Oper,Res,In,Se,,,,,,,,,,,,
2.526,App,Of,Scientific,Comp,,,,,,,,,,,,,,
3.496,Appl,Prob,Models,Mktg,,,,,,,,,,,,,,
2.815,Appl,Stat,Methd,For,Actu,,,,,,,,,,,,,
2.662222222,Applied,Music,,,,,,,,,,,,,,,,
2.695,Ar,Rdgs,Soc,Sci,,,,,,,,,,,,,,
1.0175,Arab,Ensemble,,,,,,,,,,,,,,,,
2.075,Arab,Voices,Of,Dissent,,,,,,,,,,,,,,
1.075,Arabic,In,Residence,,,,,,,,,,,,,,,
3.28,Arabic,Lit,&amp;,Theory,,,,,,,,,,,,,,
3.6,Arch,&amp;,Landscpe,Design,1,,,,,,,,,,,,,
2.03,Archaeology,&amp;,Science,,,,,,,,,,,,,,,
2.45,Archaeology,&amp;,The,Bible,,,,,,,,,,,,,,
1.376666667,Archaeology,Field,Projec,,,,,,,,,,,,,,,
2.815,Archaeology,Of,Animals,,,,,,,,,,,,,,,
2.476666667,Archaeology,Of,The,Inca,,,,,,,,,,,,,,
2.42,Architect,And,History,,,,,,,,,,,,,,,
3.633333333,Architecture,&amp;,Landscape,Design,Ii,,,,,,,,,,,,,
3.496,Architecture,And,Landscape,Design,I,,,,,,,,,,,,,
3.62,Architecture,And,Landscape,Design,Ii,,,,,,,,,,,,,
2.1,Architecture,Loc,&amp;,Class,Philadelphia,Architecture,1780-1930,,,,,,,,,,,
2.307777778,Art,Design,And,Digital,Culture,,,,,,,,,,,,,
2.403333333,Art,&amp;,Civ,In,East,Asia,,,,,,,,,,,,
1.981666667,Art,And,Business,Of,Film,,,,,,,,,,,,,
2,Art,And,Religion,,,,,,,,,,,,,,,
1.73,Arts,Of,Korea,,,,,,,,,,,,,,,
2.003333333,Asian,Amer,In,Contemp,So,,,,,,,,,,,,,
1.845,Asian,Ameri,Communities,Asian,American,Communities,,,,,,,,,,,,
1.58,Asian,American,Activism,,,,,,,,,,,,,,,
2.375,Asian-american,Lit,,,,,,,,,,,,,,,,
1.99,Asp,-,Impact,Investing,,,,,,,,,,,,,,
3.215,Asp-corp,Restructuring,,,,,,,,,,,,,,,,
3.48,Asp-managing,Fixed,Income,Portfolios,,,,,,,,,,,,,,
2.57,Astronomical,Techniques,,,,,,,,,,,,,,,,
1.1675,Auditing,,,,,,,,,,,,,,,,,
2.4,Augustan,Cultrl,Revol,,,,,,,,,,,,,,,
1.9,Autism,Epidemic,,,,,,,,,,,,,,,,
3.28,Automata,Comput.&amp;,Complx,,,,,,,,,,,,,,,
3.26,Autonomic,Physiology,,,,,,,,,,,,,,,,
1.785,Bancroft,Behavioral,Center,-,New,Jersey,,,,,,,,,,,,
2.25,Bankers,Activists,&amp;,Govnt,The,Making,Of,Urban,Housing,Policy,In,America,,,,,,
3.083333333,Basic,Concepts,Of,Pharmacology,&amp;,Therapeutics,,,,,,,,,,,,
2.064,Becoming,Human,,,,,,,,,,,,,,,,
2.413333333,Beethoven,,,,,,,,,,,,,,,,,
1.145,Beginning,Sitar,I,,,,,,,,,,,,,,,
1.274,Beginning,Sitar,Ii,,,,,,,,,,,,,,,
2.576666667,Behavioral,Econ,&amp;,Psych,,,,,,,,,,,,,,
2.37,Behavioral,Econ,And,Psyc,,,,,,,,,,,,,,
3.225,Behavioral,Economics,,,,,,,,,,,,,,,,
2.1525,Behavioral,Finance,,,,,,,,,,,,,,,,
3.03,Behavioral,Genetics,,,,,,,,,,,,,,,,
1.48,Behavioral,Medicine,,,,,,,,,,,,,,,,
2.45,Behavioral,Pharmacology,,,,,,,,,,,,,,,,
2.286666667,Being,Human,Being,Human,Biology,Culture,&amp;,Human,Diversity,,,,,,,,,
2.585,Ben,Franklin,Seminar,Photographic,Thinking,,,,,,,,,,,,,
3.07,Benjamin,Franklin,Seminar,Open,Book,,,,,,,,,,,,,
2.555,Benjamin,Franklin,Seminar,Photographic,Thinking,,,,,,,,,,,,,
1.9125,Big,Pictures,Mural,Art,,,,,,,,,,,,,,
1.8325,Big,Pictures,Mural,Arts,,,,,,,,,,,,,,
2.335,Bio,Basis,Psychia,Disord,,,,,,,,,,,,,,
3.11,Bio-physical,Chemistry,,,,,,,,,,,,,,,,
3.624,Biochemistry,,,,,,,,,,,,,,,,,
2.103333333,Biochemistry,Research,,,,,,,,,,,,,,,,
3.34,Bioengineering,Lab,I,,,,,,,,,,,,,,,
3.174,Bioengineering,Lab,Ii,,,,,,,,,,,,,,,
2.990769231,Bioengineering,Lab,Iii,,,,,,,,,,,,,,,
3.045,Bioengineering,Systems,,,,,,,,,,,,,,,,
1.8925,Bioethics,,,,,,,,,,,,,,,,,
3.0975,Biological,Chemistry,I,,,,,,,,,,,,,,,
3.127692308,Biological,Chemistry,Ii,,,,,,,,,,,,,,,
2.6325,Biologically,Based,Chemistry,,,,,,,,,,,,,,,
2.456,Biology,Of,Human,Disease,,,,,,,,,,,,,,
2.43,Biomaterials,,,,,,,,,,,,,,,,,
2.31,Biomedical,Ethics,,,,,,,,,,,,,,,,
2.266666667,Biosocial,Criminology,,,,,,,,,,,,,,,,
2.4275,Biotech,&amp;,Biochem,Eng,,,,,,,,,,,,,,
2.243333333,Biotech/genetec,Eng,Lab,,,,,,,,,,,,,,,
2.295,Blacks,In,Amer,Film/tv,,,,,,,,,,,,,,
2.5,British,Poetry,1660-1914,,,,,,,,,,,,,,,
2.322758621,Bus,In,Global,Pol,Envir,,,,,,,,,,,,,
2.015,Bus,Insr,&amp;,Est,Plng,,,,,,,,,,,,,
2.06,Business,Comp,Languages,,,,,,,,,,,,,,,
3.19,Business,Economics,,,,,,,,,,,,,,,,
2.321666667,Business,Policy,,,,,,,,,,,,,,,,
2.615,Buyer,Behavior,,,,,,,,,,,,,,,,
1.776666667,C++,Prog,,,,,,,,,,,,,,,,
3.38,Calculus,For,Wharton,Stu,,,,,,,,,,,,,,
3.180612245,Calculus,I,,,,,,,,,,,,,,,,
3.213142857,Calculus,Ii,,,,,,,,,,,,,,,,
2.69125,Calculus,Ii,Prob&amp;matric,,,,,,,,,,,,,,,
3.076956522,Calculus,Iii,,,,,,,,,,,,,,,,
3.498095238,Calculus,Iv,,,,,,,,,,,,,,,,
2.89,Cancer,Cell,Biology,,,,,,,,,,,,,,,
2.4875,Capital,Markets,,,,,,,,,,,,,,,,
1.85,Case,Study,Home,Health,Care,,,,,,,,,,,,,
1.414285714,Case,Study,Nursing,Practice,And,Hiv+,Patients,,,,,,,,,,,
2.97,Case,Study,Breast,Feeding,&amp;,Human,Lactation,,,,,,,,,,,
2.666363636,Case,Study,Cancer,,,,,,,,,,,,,,,
2.136,Case,Study,Case,Analysis,In,Clinical,Nutrition,,,,,,,,,,,
2.374,Case,Study,Culture,Of,Birth,,,,,,,,,,,,,
2.1525,Case,Study,Quality,Care,Challenges,In,An,Evolving,Health,Care,Market,,,,,,,
2.22,Case,Study,Use,Of,Complementary,And,Alternative,Medicine,(Cam),,,,,,,,,
2.98875,Cell,Biology,,,,,,,,,,,,,,,,
2.926666667,Cell,Motility,&amp;,Cytoskel,,,,,,,,,,,,,,
3.43,Cell,Neurobiology,Molecular,And,Cellular,Neurobiology,,,,,,,,,,,,
2.77,Cell,Signaling,,,,,,,,,,,,,,,,
3.355,Cell.,Biol.,&amp;,Biochem.,,,,,,,,,,,,,,
2.3975,Cell&amp;micobio,Laboratory,,,,,,,,,,,,,,,,
3.593333333,Cellular,Biology,And,Biochemistry,,,,,,,,,,,,,,
2.083333333,Ceramics,Handbldg,,,,,,,,,,,,,,,,
2.875,Chaot,Dynam,Elec,&amp;,Biol,,,,,,,,,,,,,
2.64,Chem,Of,The,Environment,,,,,,,,,,,,,,
2.634,Chemical,Process,Control,,,,,,,,,,,,,,,
3.58,Chemical,Reactor,Design,,,,,,,,,,,,,,,
2.348333333,Children,&amp;,Media,,,,,,,,,,,,,,,
2.14,Children's,Health,In,The,United,States,1800-2000,,,,,,,,,,,
2.36,Children's,Media,Policy,,,,,,,,,,,,,,,
2.413333333,Chinas,Domestic,Politics,,,,,,,,,,,,,,,
2.32,Chinese,Clture,&amp;,Society,Chinese,Culture,And,Society,,,,,,,,,,
2.635,Chinese,Foreign,Policy,,,,,,,,,,,,,,,
3.21,Chinese,Painting,,,,,,,,,,,,,,,,
2.39,Chinese,Poetry,&amp;,Prose,,,,,,,,,,,,,,
2.6675,Chinese,Politics,,,,,,,,,,,,,,,,
2.716666667,Chop,-,4,South,-,Surgical,,,,,,,,,,,,
2.975,Chop,-,5,East,-,Pulmonary/hematology,,,,,,,,,,,,
2.835,Chop,-,6,East,-,Cardiac,,,,,,,,,,,,
2.423333333,Chop,-,8,South,-,Cf,/,Pulmonary,/,Adolescent,,,,,,,,
2.666666667,Chromosomes,&amp;,Cell,Cycle,,,,,,,,,,,,,,
1.795,Cine,-,Freshman,Seminar,Katharine,Hepburn,Films,,,,,,,,,,,
2.285,Cinema,Production,,,,,,,,,,,,,,,,
3.8875,Circuit-level,Modeling,,,,,,,,,,,,,,,,
2.656666667,Civ,Rights/civ,Liberties,,,,,,,,,,,,,,,
2.806666667,Civil,Wars,,,,,,,,,,,,,,,,
2.245,Class,Soc,Theory,,,,,,,,,,,,,,,
3.19,Classical,Liberal,Thght,,,,,,,,,,,,,,,
2.293333333,Classical,Traditions,,,,,,,,,,,,,,,,
2.41,Clay,Wheel,Throwing,I,,,,,,,,,,,,,,
2.89,Clay,Wheel,Throwing,Ii,,,,,,,,,,,,,,
2.172,Clean,Water-green,Cities,,,,,,,,,,,,,,,
2.175,Clean,Water-green,Cities,An,Abcs,Approach,To,Using,Water,Science,To,Create,A,Sustainable,Phila,,,
1.815,Climate,Policy,&amp;,Tech,,,,,,,,,,,,,,
2.002,Clin,Iss,In,Hlth,Cr,Mgmt,,,,,,,,,,,,
2.487473684,Clinic,,,,,,,,,,,,,,,,,
2.915,Clinic,4w,Csh,-,Rehab,/,Pulmonary,,,,,,,,,,,
1.71,Clinic,A,Hup,Baby,Friendly/mercy,Home,Health,B,Penn,Family,Care,,,,,,,
1.2,Clinic,A,Keystone,Care,B,Phila.,Free,Library,-,Blackwell,,,,,,,,
1.75,Clinic,A,Life,Univ.,City,B,Inglis,Foundation,,,,,,,,,,
2.33,Clinic,A,Main,Line,Home,Health,Care,B,Life,Univ.,City,,,,,,,
1.25,Clinic,A,New,Courtland,Life,B,Phila.,School,District,,,,,,,,,
2.6,Clinic,A,Penn,Care,At,Home,B,Phila.,Free,Library,-,Paschalville,,,,,,
1.83,Clinic,A,Penn,Family,Care,B,Hup,Baby,Friendly/mercy,Home,Health,,,,,,,
1.17,Clinic,A,Phila.,Free,Library,-,Blackwell,B,Keystone,Care,,,,,,,,
2.2,Clinic,A,Phila.,Free,Library,-,Paschalville,B,Penn,Care,At,Home,,,,,,
2,Clinic,A,Phila.,School,District,B,New,Courtland,Life,,,,,,,,,
2.33,Clinic,Adol,Chop,Fri,4-Dec,Ob,Hup,Tues,8-Feb,Older,Wmn,Redeemer,Thurs,12-Aug,,,,
1.83,Clinic,Adol,Chop,Fri,11-Jul,Ob,Pah,Tues,1-Jul,Older,Wmn,Lutheran,Thur,12-Aug,,,,
2,Clinic,Adol,Chop,Sat,3-Nov,Ob,Hup,Thurs,1-Jul,Older,Wmn,Penns,T,12-Aug,,,,
2,Clinic,Adol,Chop,Sat,11-Jul,Ob,Hup,Tues,1-Jul,Older,Wmn,Penns,Th,12-Aug,,,,
1.5,Clinic,Adol,Chop,Sun,3-Nov,Ob,Hup,Thurs,8-Feb,Older,Wmn,Redeemer,Tues,12-Aug,,,,
1.5,Clinic,Adol,Chop,Sun,11-Jul,Ob,Pah,Th,1-Jul,Older,Wmn,Redeemer,F,12-Aug,,,,
2.75,Clinic,Adol,Chop,Thur,4-Jan,Ob,Hup,Fri,1-Jul,Older,Wmn,Foukeways,Tue,12-Aug,,,,
3,Clinic,Adol,Chop,Thur,11-Jul,Ob,Hup,Sun,1-Jul,Older,Wmn,Lutheran,Tues,12-Aug,,,,
2.25,Clinic,Adol,Chop,Tues,4-Jan,Ob,Hup,Sat,1-Jul,Older,Wmn,Foukeways,Th,12-Aug,,,,
2.43,Clinic,Adol,Chop,Tues,11-Jul,Ob,Pah,Th,8-Feb,Older,Wmn,Penns,F,12-Aug,,,,
2.33,Clinic,Adol,Girls,Inc,Thur,6-Oct,Ob,Hup,Sun,8-Feb,Older,Wmn,Foukways,F,12-Aug,,,
2.85,Clinic,Adult,Health,&amp;,Illness,,,,,,,,,,,,,
3.17,Clinic,Ah&amp;i,-,Evening,,,,,,,,,,,,,,
1.375,Clinic,Bryn,Mawr,Hospital,,,,,,,,,,,,,,
3.29,Clinic,Chop,-,2,East,-,Nicu,,,,,,,,,,,
3.12,Clinic,Chop,-,2,East,Nicu,,,,,,,,,,,,
2.3075,Clinic,Chop,-,4,East,,,,,,,,,,,,,
2.4,Clinic,Chop,-,4,East,-,Surgery,/,Trauma,,,,,,,,,
2.777272727,Clinic,Chop,-,4,South,,,,,,,,,,,,,
2.7475,Clinic,Chop,-,4,South,-,Surgical,,,,,,,,,,,
2.855,Clinic,Chop,-,4,South,-,Surgical,/,Trauma,,,,,,,,,
3.066666667,Clinic,Chop,-,4w,Csh,,,,,,,,,,,,,
2.727142857,Clinic,Chop,-,5,East,,,,,,,,,,,,,
2.5,Clinic,Chop,-,5,East,-,Hematology,/,General,Peds,,,,,,,,
3.075,Clinic,Chop,-,5,East,-,Pulmonary/hematology,,,,,,,,,,,
2.674,Clinic,Chop,-,5,South,,,,,,,,,,,,,
3.42,Clinic,Chop,-,5,West,,,,,,,,,,,,,
2.775,Clinic,Chop,-,5,West,A,,,,,,,,,,,,
3.23,Clinic,Chop,-,6,East,-,Cardiac,,,,,,,,,,,
3.415,Clinic,Chop,-,6,East,-,Cardiac,Stepdown,,,,,,,,,,
3.235,Clinic,Chop,-,6,East,Cardiac,,,,,,,,,,,,
2.6875,Clinic,Chop,-,8,South,,,,,,,,,,,,,
2.833333333,Clinic,Chop,-,8,South,-,Cf,/,Pulmonary,/,Adolescent,,,,,,,
3,Clinic,Chop,-,9s,-,Neuro,/,Gi,/,Surgery,,,,,,,,
2.5,Clinic,Chop,-,Tbd,,,,,,,,,,,,,,
2,Clinic,Dcmh,Tue,2pm-10pm,Stapely,Tue,7am-11am,,,,,,,,,,,
2.49,Clinic,De,County,12hr,Thursdays,,,,,,,,,,,,,
2.056666667,Clinic,De,County,12hr,Tuesdays,,,,,,,,,,,,,
2.13,Clinic,De,County,Tues,7am-1pm,Artman,Tues,7am,-,11am,,,,,,,,
2.875333333,Clinic,Dulles,6,,,,,,,,,,,,,,,
2.9875,Clinic,Founders,12,,,,,,,,,,,,,,,
2.14,Clinic,Founders,12,-,Va,Continuing,Care,1,,,,,,,,,,
2.953076923,Clinic,Founders,14,,,,,,,,,,,,,,,
2.583333333,Clinic,Founders,14,-,General,Medicine,,,,,,,,,,,,
1.8,Clinic,Founders,14,-,Penn,Rehab,@,Rittenhouse,,,,,,,,,,
2.493333333,Clinic,Hup,Days,,,,,,,,,,,,,,,
2.193333333,Clinic,Hup,Evenings,,,,,,,,,,,,,,,
2.24,Clinic,Hup,Friday,Evenings,,,,,,,,,,,,,,
2.38,Clinic,Hup,M/w,Evenings,,,,,,,,,,,,,,
2.75,Clinic,Hup,Sat,7am-1pm,Pennswood,Sat,7am,-,11am,,,,,,,,,
2,Clinic,Hup,Sat,7am-1pm,St.,Joes,Hr,Sat,7am-11am,,,,,,,,,
2.52,Clinic,Hup,Saturdays,,,,,,,,,,,,,,,
2,Clinic,Hup,Sun,2pm-8pm,Artman,Sun,7am-11am,,,,,,,,,,,
3,Clinic,Hup,Sun,7am-1pm,Atria,Sat,9am,-,1pm,,,,,,,,,
2.834,Clinic,Hup,Sundays,,,,,,,,,,,,,,,
2,Clinic,Hup,Thur,2pm-8pm,Foulkways,Thur,7am,-,11am,,,,,,,,,
2.83,Clinic,Hup,Thur,2pm-8pm,Paul's,Run,Thur,7am-11am,,,,,,,,,,
2.425,Clinic,Hup,Thur,7am-1pm,Pennswood,Thur,7am,-,11am,,,,,,,,,
2,Clinic,Hup,Tues,2pm-8pm,Foulkways,Tues,7am,-,11am,,,,,,,,,
2.5,Clinic,Hup,Tues,2pm-8pm,Paul's,Run,Tues,7am-11am,,,,,,,,,,
2.29,Clinic,Hup,Tues,7am-1pm,Life,Penn,Tues,7am-11am,,,,,,,,,,
2.75,Clinic,Hup,Tues,7am-1pm,Pennswood,Tues,7am,-,11am,,,,,,,,,
2.21,Clinic,Lankenau,Saturdays,,,,,,,,,,,,,,,
2.6,Clinic,Lankenau,Tues,2pm-8pm,Pennswood,Tue,7am-11am,,,,,,,,,,,
2.2,Clinic,Lankenau,Tues,7am-1pm,New,Courtland,Life,Tue,7am-11am,,,,,,,,,
2.43,Clinic,Lankenau,Tues,7am-1pm,Stapely,Tues,7am,-,11am,,,,,,,,,
1.865,Clinic,Life,University,City,/,,,,,,,,,,,,,
2.65,Clinic,Ob,,,,,,,,,,,,,,,,
2.33,Clinic,Ob,Del,County,Thur,1-Jul,Older,Wmn,Stapely,F,11-Jul,,,,,,,
2,Clinic,Ob,Del,County,Tues,1-Jul,Older,Wmn,Life,Univ,City,Fri,11-Jul,,,,,
3,Clinic,Ob,Hup,Sat,1-Jul,Older,Wmn,New,Courtland,Life,Thurs,1-Sep,,,,,,
2.67,Clinic,Ob,Hup,Sun,1-Jul,Older,Wmn,New,Courtland,Life,T,1-Sep,,,,,,
1.6,Clinic,Ob,Hup,Thurs,8-Feb,Older,Wmn,Pennswood,Tues,11-Jul,,,,,,,,
2.67,Clinic,Ob,Hup,Thurs,1-Jul,Older,Wmn,Artman,Tues,11-Jul,,,,,,,,
2.4,Clinic,Ob,Hup,Tues,8-Feb,Older,Wmn,Paul's,Run,Thurs,12-Aug,,,,,,,
1.6,Clinic,Ob,Hup,Tues,1-Jul,Older,Wmn,Pennswood,Thur,11-Jul,,,,,,,,
2,Clinic,Ob,Pah,Fri,1-Jul,Older,Wmn,Stapeley,Sat,11-Jul,,,,,,,,
2.17,Clinic,Ob,Pah,Thur,1-Jul,Older,Wmn,St.,Joseph/holy,Redeemer,Tues,11-Jul,,,,,,
1.67,Clinic,Ob,Pah,Tue,1-Jul,Older,Wmn,Pennswood,Sun,11-Jul,,,,,,,,
1.4,Clinic,Ob,Paoli,Tues,1-Jul,Older,Wmn,St.,Joseph's/holy,Redeeemer,Thur,11-Jul,,,,,,
2.444,Clinic,Pa,Hosp,Days,,,,,,,,,,,,,,
1.6,Clinic,Pah,Fri,4pm-10pm,Holy,Redeemer,Fri,7am,-,11am,,,,,,,,
2,Clinic,Pah,Thur,7am-1pm,Life,Penn,Thur,7am-11am,,,,,,,,,,
2.5,Clinic,Pah,Thur,7am-1pm,Paul's,Run,Thur,7am,-,11am,,,,,,,,
2.57,Clinic,Pah,Thur,7am-1pm,Stapeley,Thur,7am,-,11am,,,,,,,,,
1.8,Clinic,Pah,Tues,7am-1pm,Holy,Redeemer,7am-11am,,,,,,,,,,,
2.33,Clinic,Pah,Tues,7am-1pm,Paul's,Run,Tues,7am,-,11am,,,,,,,,
2.6675,Clinic,Paoli,12hr,Tues,,,,,,,,,,,,,,
2.415,Clinic,Park,Pleasant,/,Presby,3s,,,,,,,,,,,,
2.536666667,Clinic,Park,Pleasant,Nursing,Home,,,,,,,,,,,,,
2.3975,Clinic,Park,Pleasant,Nursing,Home,/,,,,,,,,,,,,
2.474,Clinic,Pediatrics,,,,,,,,,,,,,,,,
2.4075,Clinic,Penn,Rehab,,,,,,,,,,,,,,,
2.395,Clinic,Penn,Rehab,@,Rittenhouse,/,Hup,Dulles,6,,,,,,,,,
3.2,Clinic,Presby,Ace,-,Acute,Care,For,Elderly,,,,,,,,,,
2.938333333,Clinic,Presby,3e,,,,,,,,,,,,,,,
2.346666667,Clinic,Presby,Cardiac,Cath,/,Presby,3e,,,,,,,,,,,
2.885,Clinic,Ravdin,6,,,,,,,,,,,,,,,
2.3225,Clinic,Ravdin,6,-,Park,Pleasant,,,,,,,,,,,,
2.677777778,Clinic,Ravdin,9,,,,,,,,,,,,,,,
2.12,Clinic,Ravdin,9,-,Penn,Rehab,@,Rittenhouse,,,,,,,,,,
2.836666667,Clinic,Rhoads,1,,,,,,,,,,,,,,,
2.965555556,Clinic,Rhoads,3,,,,,,,,,,,,,,,
2.83,Clinic,Rhoads,4,,,,,,,,,,,,,,,
1.734,Clinic,Rhoads,4,-,Va,Continuing,Care,2,,,,,,,,,,
3.174,Clinic,Rhoads,6,,,,,,,,,,,,,,,
3,Clinic,Rhodes,3,,,,,,,,,,,,,,,
1.8,Clinic,Rhodes,4,-,Park,Pleasant,Nursing,Home,,,,,,,,,,
2,Clinic,Silver,9,-,Va,Continuing,Care,1,,,,,,,,,,
2.742142857,Clinic,Silverstein,10,,,,,,,,,,,,,,,
2.38,Clinic,Silverstein,10,-,Cardiac,Surgery,,,,,,,,,,,,
3.201,Clinic,Silverstein,11,,,,,,,,,,,,,,,
3.211111111,Clinic,Silverstein,12,,,,,,,,,,,,,,,
3.21,Clinic,Silverstein,9,,,,,,,,,,,,,,,
2.86,Clinic,Silverstein,9,-,Neurology,,,,,,,,,,,,,
3.125,Clinic,Silverstien,10,,,,,,,,,,,,,,,
2.145,Clinic,Tbd,,,,,,,,,,,,,,,,
2.305,Clinic,West,Phila.,Community,Center,/,Hup,Founders,7,,,,,,,,,
1.9775,Clinic,West,Philadelphia,Community,Center,,,,,,,,,,,,,
1.7275,Clinical,Res.,In,Neuro,Clinical,Research,In,Neuroscience,,,,,,,,,,
1.95,Cntmpry,Us,Drama/theatre,,,,,,,,,,,,,,,
2.575,Cognitive,Development,,,,,,,,,,,,,,,,
2.85,Cognitive,Neuroscience,,,,,,,,,,,,,,,,
2.64,Cold,War,Global,History,,,,,,,,,,,,,,
1.662222222,College,Music,Program,,,,,,,,,,,,,,,
1.92,Colonial,Latin,America,,,,,,,,,,,,,,,
2.46125,Comm,&amp;,The,Presidency,,,,,,,,,,,,,,
2.11,Comm,&amp;Emergency,Response,,,,,,,,,,,,,,,
2.07,Comm,And,The,Bible,,,,,,,,,,,,,,
2.3475,Communication,&amp;,Congress,,,,,,,,,,,,,,,
2.236,Communication,Behavior,,,,,,,,,,,,,,,,
2.22,Communication,Internship,,,,,,,,,,,,,,,,
1.913333333,Communications,Internshp,,,,,,,,,,,,,,,,
2.033333333,Community,Algebra,Initia,,,,,,,,,,,,,,,
2.2025,Community,Based,Environmental,Health,,,,,,,,,,,,,,
2.205,Community,Economic,Development,,,,,,,,,,,,,,,
2.25,Community,Economic,Devl,,,,,,,,,,,,,,,
1.493333333,Community,Math,Teach,Pro,,,,,,,,,,,,,,
2.495454545,Comp,Capitalist,Systems,,,,,,,,,,,,,,,
3.394,Comp,Org,And,Design,,,,,,,,,,,,,,
3.425,Comp,Pol.,Welfare,State,,,,,,,,,,,,,,
2.605,Comp,Vert,Anatomy,&amp;,Evol,,,,,,,,,,,,,
2.915,Comp.,S.,Asian,Politics,,,,,,,,,,,,,,
2.9275,Comparative,Hc,Systems,,,,,,,,,,,,,,,
2.2425,Comparative,Medicine,,,,,,,,,,,,,,,,
3.04,Comparative,Pol,Comm,Comparative,Political,Communication,,,,,,,,,,,,
2.746,Comparative,Politics,,,,,,,,,,,,,,,,
2.192,Competitive,Strategy,,,,,,,,,,,,,,,,
3.436666667,Compilers,&amp;,Interpreter,,,,,,,,,,,,,,,
2.72,Comprehensive,School,Reform,As,Applied,Public,Policy,,,,,,,,,,,
3.25,Comps,Capstone,Thesis,,,,,,,,,,,,,,,
2.322,Comput,Linear,Algebra,,,,,,,,,,,,,,,
2.628571429,Computer,Animation,,,,,,,,,,,,,,,,
2.8675,Computer,Methods,I,,,,,,,,,,,,,,,
3.5325,Computer,Oper,System,,,,,,,,,,,,,,,
2.125,Concepts,In,Nursing,Healthy,Life,Styles,I,,,,,,,,,,,
2.43,Concepts,In,Nursing,Healthy,Life,Styles,Ii,,,,,,,,,,,
2.5,Concepts,In,Nursing,Healthy,Life,Styles,Ii,Clinical,,,,,,,,,,
1.525,Concepts,Of,Lighting,,,,,,,,,,,,,,,
1.9175,Concepts,Of,Stage,Design,,,,,,,,,,,,,,
2.336666667,Const,Law,&amp;,Free,Enterpr,,,,,,,,,,,,,
2.68,Constitutional,Law,,,,,,,,,,,,,,,,
2.275,Construct,A,Language,,,,,,,,,,,,,,,
2.8375,Consult,To,Growth,Co,,,,,,,,,,,,,,
2.22,Consumer,Behavior,,,,,,,,,,,,,,,,
1.88,Consumers,Firms,&amp;,Market,,,,,,,,,,,,,,
2.604,Contemp,African,Politics,,,,,,,,,,,,,,,
2.154,Contemp,Feminist,Thought,,,,,,,,,,,,,,,
2.645,Contemp,Russ,Thrgh,Film,,,,,,,,,,,,,,
2.34,Contempor,Fict/film-jpan,,,,,,,,,,,,,,,,
2.215,Contemporary,Phil,Enhancing,The,Human,Mind,,,,,,,,,,,,
2.248,Contemporary,Socio,Theor,,,,,,,,,,,,,,,
2.96,Continuum,Biomechanics,,,,,,,,,,,,,,,,
1.89,Contmp,Pol,Policy,Journ,,,,,,,,,,,,,,
3.295,Control,Of,Systems,,,,,,,,,,,,,,,
2.016142857,Corp,Resp,And,Ethics,,,,,,,,,,,,,,
2.988301887,Corporate,Finance,,,,,,,,,,,,,,,,
3.612631579,Corporate,Valuation,,,,,,,,,,,,,,,,
3.122857143,Corporation,Finance,,,,,,,,,,,,,,,,
2.83,Cosmopolitan,Urbanism,Rio,De,Janeiro,,,,,,,,,,,,,
2.783333333,Cost,Accounting,,,,,,,,,,,,,,,,
1.725,Covering,Political,Elect,Political,Commentary,Writing,,,,,,,,,,,,
2.530238095,Craft,Of,Prose,,,,,,,,,,,,,,,
2.498653846,Craft,Of,Prose,Craft,Of,Prose,,,,,,,,,,,,
2.025217391,Creat.non-fiction,Writ,,,,,,,,,,,,,,,,
2.3275,Creat.non-fiction,Writ,Peer,Tutoring,,,,,,,,,,,,,,
3.04,Creative,Research,,,,,,,,,,,,,,,,
1.8,Creative,Writing,,,,,,,,,,,,,,,,
1.5525,Creative,Writing,Creative,Writing,Personal,Essay/fiction,,,,,,,,,,,,
1.353333333,Creativity,,,,,,,,,,,,,,,,,
2.76,Crime,&amp;,Human,Developmnt,,,,,,,,,,,,,,
1.894,Criminal,Justice,,,,,,,,,,,,,,,,
1.598,Criminology,,,,,,,,,,,,,,,,,
2.753333333,Crit,Perspect,In,Journal,,,,,,,,,,,,,,
2.785,Critical,Approaches,To,Popular,Culture,,,,,,,,,,,,,
2.48,Critical,Writing,Seminar,Art,Exhibits,Museums,,,,,,,,,,,,
2.906666667,Critical,Writing,Seminar,Beyond,'Will,And,Grace',,,,,,,,,,,
2.78,Critical,Writing,Seminar,Connect,&amp;,Commun,Online,,,,,,,,,,,
2.58,Critical,Writing,Seminar,Contemporary,Art/artists,,,,,,,,,,,,,
2.335,Critical,Writing,Seminar,Critical,Writing,Seminar,,,,,,,,,,,,
2.553333333,Critical,Writing,Seminar,Davinci,Scientist,Artist,,,,,,,,,,,,
2.913333333,Critical,Writing,Seminar,Digital,Democracy,,,,,,,,,,,,,
2.947142857,Critical,Writing,Seminar,Drug,Business,And,Ethics,,,,,,,,,,,
2.548888889,Critical,Writing,Seminar,Einstein,&amp;,Picasso,,,,,,,,,,,,
2.72,Critical,Writing,Seminar,Euro.,&amp;,Amer.,Identities,,,,,,,,,,,
2.825,Critical,Writing,Seminar,European,&amp;,American,Iden,,,,,,,,,,,
2.4625,Critical,Writing,Seminar,Flow,Psychology,Of...,,,,,,,,,,,,
1.995,Critical,Writing,Seminar,Food,Studies,,,,,,,,,,,,,
3.0025,Critical,Writing,Seminar,Investment,Philosophies,,,,,,,,,,,,,
2.01,Critical,Writing,Seminar,Isp,Critical,Writing,,,,,,,,,,,,
2.975,Critical,Writing,Seminar,Living,Virtually?,,,,,,,,,,,,,
2.24,Critical,Writing,Seminar,Reality,,,,,,,,,,,,,,
3.225,Critical,Writing,Seminar,Stewart-colbert,,,,,,,,,,,,,,
2.22,Critical,Writing,Seminar,Street,Art,,,,,,,,,,,,,
3.125,Critical,Writing,Seminar,The,Business,Of,Image,,,,,,,,,,,
2.26,Critical,Writing,Seminar,The,Politics,Of,Home,,,,,,,,,,,
2.495,Critical,Writing,Seminar,Things,Matter,,,,,,,,,,,,,
1.453333333,Cse,Stdy-aggressive,Behavior,In,Healthcare,Assessment,Prevention,&amp;Treatment,,,,,,,,,,
1.716666667,Cultures,Of,The,Book,,,,,,,,,,,,,,
3.25,Cur,Sem/afro-brazil,Art,Curatorial,Seminar,On,Afro-brazilian,Art,,,,,,,,,,
2.095,Curr,Issues,Global,Healt,,,,,,,,,,,,,,
2.123333333,Cyberculture,,,,,,,,,,,,,,,,,
2.276,Dante's,Divine,Comedy,,,,,,,,,,,,,,,
2.923333333,Darwin's,Legacy,,,,,,,,,,,,,,,,
2.28,Database,&amp;,Info,Systems,,,,,,,,,,,,,,
2.695,Deciphering,America,,,,,,,,,,,,,,,,
2.078461538,Decision,Processes,,,,,,,,,,,,,,,,
2.108333333,Decison,Processes,,,,,,,,,,,,,,,,
2.78,Decline,And,Fall,Of,Great,Powers,,,,,,,,,,,,
2.065,Descent,With,Modificatn,,,,,,,,,,,,,,,
3.37,Design,Fundamentals,1,,,,,,,,,,,,,,,
3.73,Design,Fundamentals,I,,,,,,,,,,,,,,,
3.558571429,Design,Fundamentals,Ii,,,,,,,,,,,,,,,
1.69625,Desire,And,Demand,,,,,,,,,,,,,,,
3.365,Dev,Tools,For,Data,Anlys,Developing,Tools,For,Data,Access,And,Analysis,,,,,,
2.35,Development,Economics,,,,,,,,,,,,,,,,
2.7575,Developmental,Biology,,,,,,,,,,,,,,,,
2.5,Differential,Geometry,,,,,,,,,,,,,,,,
1.38,Dig,Audio,Basics,,,,,,,,,,,,,,,
2.371428571,Digital,Des,Foundations,,,,,,,,,,,,,,,
2.426,Digital,Design,Foundations,,,,,,,,,,,,,,,
2.71,Digital,Illustration,,,,,,,,,,,,,,,,
1.77,Digital,Marketing,And,Electronic,Commerce,,,,,,,,,,,,,
2.375217391,Digital,Photography,,,,,,,,,,,,,,,,
2.185,Dilemmas,In,International,Development,,,,,,,,,,,,,,
2.815,Discrete,Mathematics,I,,,,,,,,,,,,,,,
2.466666667,Discrete,Mathematics,Ii,,,,,,,,,,,,,,,
2.87,Discrete,Prob,&amp;,Stat,Inf,,,,,,,,,,,,,
2.145,Disease,&amp;,Human,Evol,,,,,,,,,,,,,,
2.6,Disease,&amp;,Society,,,,,,,,,,,,,,,
1.562,Diversity,&amp;,The,Law,,,,,,,,,,,,,,
1.656666667,Diversity/tech/penn,Exp,Diversity,Technology,And,The,Penn,Experience,,,,,,,,,,
3.364285714,Dmd,Senior,Project,,,,,,,,,,,,,,,
2.866666667,Documentary,Writing,,,,,,,,,,,,,,,,
2.41,Dostoevsky,,,,,,,,,,,,,,,,,
1.5725,Dramaturgy,,,,,,,,,,,,,,,,,
2.469473684,Drawing,I,,,,,,,,,,,,,,,,
2.6575,Drugs,Brain,And,Mind,,,,,,,,,,,,,,
1.98,Drugs,And,Gangs,,,,,,,,,,,,,,,
2.623333333,Dsg,Principle,Info,Syst,,,,,,,,,,,,,,
3.705,Dsgn,Of,Mechatronic,Sys,,,,,,,,,,,,,,
2.915,Dulles,6,,,,,,,,,,,,,,,,
2.596666667,Earth,Through,Time,,,,,,,,,,,,,,,
2.223333333,East,&amp;,West,A,Hitchhiker's,Guide,To,The,Cultural,History,Of,The,Mdrn,World,,,,
1.535,East,Asian,Gardens,,,,,,,,,,,,,,,
2.62,Ecology,Indiv,To,Ecosys,,,,,,,,,,,,,,
2.455,Econ,&amp;,Fin,Hlth,Care,Del,,,,,,,,,,,,
2.74125,Econ,&amp;,Fincing-hlthcr,Dl,,,,,,,,,,,,,,
2.695,Econ,Statecraft,Wrld,Pol,,,,,,,,,,,,,,
2.934,Econometric,Forecasting,,,,,,,,,,,,,,,,
3.12,Econometrics,,,,,,,,,,,,,,,,,
2.4075,Economic,Analysis,Of,Law,,,,,,,,,,,,,,
3.13,Economic,Growth,,,,,,,,,,,,,,,,
2.65,Economic,Hist,Of,Euro,I,,,,,,,,,,,,,
2.94,Economics,Of,Family,,,,,,,,,,,,,,,
2.295,Edgar,Allan,Poe's,Sci,,,,,,,,,,,,,,
2.68,Egyptian,Artifacts,,,,,,,,,,,,,,,,
2.015833333,Elec,Cir,&amp;,Sys,I,Lab,,,,,,,,,,,,
2.656363636,Elec,Cir,&amp;,Sys,Ii,Lab,,,,,,,,,,,,
2.9775,Elec,Circuits,&amp;,Sys,I,,,,,,,,,,,,,
3.2975,Elec,Circuits,&amp;,Sys,Ii,,,,,,,,,,,,,
1.435,Elec,Systems,&amp;,Markets,,,,,,,,,,,,,,
3.3975,Electric,&amp;,Magnetic,Flds,,,,,,,,,,,,,,
3.3575,Electromagnetism,I,,,,,,,,,,,,,,,,
1.415,Electronic,Music,,,,,,,,,,,,,,,,
3.47,Embed,Sys/microcont,Lab,,,,,,,,,,,,,,,
2.5175,Emergence,Of,Modern,Sci,,,,,,,,,,,,,,
2.8925,Emerging,Economies,,,,,,,,,,,,,,,,
2.067777778,Enabling,Technologies,,,,,,,,,,,,,,,,
2.525,Energy,&amp;,Its,Impacts,,,,,,,,,,,,,,
2.5525,Energy,Oil&amp;global,Warmin,,,,,,,,,,,,,,,
2.613333333,Energy,Oil&amp;global,Warmin,Energy,Oil,And,Global,Warming,,,,,,,,,,
2.407777778,Energy,Sys,Res,&amp;,Tech,,,,,,,,,,,,,
1.838,Eng,&amp;,The,Environment,,,,,,,,,,,,,,
2.732,Eng,Mechanics,Dynamics,,,,,,,,,,,,,,,
2.67,Eng,Microbial,Systems,,,,,,,,,,,,,,,
3.1725,Eng,Princ,Of,Human,Physi,,,,,,,,,,,,,
1.4325,Eng,Rsch-prep/app/meth,,,,,,,,,,,,,,,,
1.715,Engineering,Ethics,,,,,,,,,,,,,,,,
3.41375,Engineering,Probability,,,,,,,,,,,,,,,,
2.522,Engineering,Statistics,,,,,,,,,,,,,,,,
2.902222222,Engr,Applic,Of,Statistic,,,,,,,,,,,,,,
2.525,Enlight/decad,Chin,Lit,,,,,,,,,,,,,,,
1.76,Ensemble,Performance,Jazz,Combo,,,,,,,,,,,,,,
1.324444444,Ensemble,Performance,Penn,Baroque&amp;recorder,,,,,,,,,,,,,,
1.645555556,Ensemble,Performance,Penn,Chamber,Music,Soc,,,,,,,,,,,,
1.985714286,Ensemble,Performance,Univ.,Choir,,,,,,,,,,,,,,
1.056666667,Ensemble,Performance,Univ.,Choral,Society,,,,,,,,,,,,,
1.505,Ensemble,Performance,Univ.,Chorale,Society,,,,,,,,,,,,,
1.4675,Ensemble,Performance,Univ.,Orchestra,,,,,,,,,,,,,,
1.15,Ensemble,Performance,Univ.,Wind,Ensemble,,,,,,,,,,,,,
1.79,Entrepr,Ventr,Initiation,,,,,,,,,,,,,,,
1.15,Entrepreneurial,Mktg,,,,,,,,,,,,,,,,
2.127777778,Entrepreneurship,,,,,,,,,,,,,,,,,
3.28,Environ.,&amp;,Energy,Econ,,,,,,,,,,,,,,
1.57,Environmental,Case,Studies,,,,,,,,,,,,,,,
1.416666667,Environmental,Geology,,,,,,,,,,,,,,,,
2.44,Environmental,History,,,,,,,,,,,,,,,,
1.574,Environmental,Studies,Research,Seminar,For,Juniors,,,,,,,,,,,,
2.755,Environments,And,Health,,,,,,,,,,,,,,,
2.1,Envs,Seminar,Environmental,Policy,,,,,,,,,,,,,,
2.385,Envs,Seminar,Saving,Our,Estuaries-,Resources,Regulations,And,Recovery,,,,,,,,,
2.753333333,Epigenetics,,,,,,,,,,,,,,,,,
2.4,Epigenetics,Of,Human,Health,And,Disease,,,,,,,,,,,,
2.495,Epistemology,,,,,,,,,,,,,,,,,
2.79,Epistemology,Knowledge,And,Reality,,,,,,,,,,,,,,
1.83,Eth/soc/pro,Res,For,Eng,,,,,,,,,,,,,,
3.017777778,Ethics,,,,,,,,,,,,,,,,,
3.04,Eur,Post-1800,Bf,Sem,Classical,Economists,From,Smith,To,Marx,To,Keynes,,,,,,
3.4,Eur,Post-1800,Bf,Sem,History,Of,Classical,Liberal,Thought,,,,,,,,,
3.435,Eur,Post-1800,Bf,Sem,World,War,I,,,,,,,,,,,
2.27,Eur,Pre-1800,Bf,Sem,Utopia,,,,,,,,,,,,,
2.45,Euro,Art,&amp;,Civ,&gt;,1400,Renaissance,To,Contemp,,,,,,,,,
2.583333333,Euro,Int'l,Rel,Since,Wwi,,,,,,,,,,,,,
2.86,Euro,Intell,Hist,18th,C,,,,,,,,,,,,,
1.955,Euro,Zone,Crisis,-,The,Eu,In,A,Currency,War,For,Survival?,,,,,,
2.366666667,Europe,1789-1914,,,,,,,,,,,,,,,,
2.963333333,Evidenced,Based,Crime,And,Justice,Policy,,,,,,,,,,,,
1.375,Evol,Of,The,Dinosaurs,,,,,,,,,,,,,,
2.818,Evolutionary,Biology,,,,,,,,,,,,,,,,
2.135,Evolutionary,Ecology,,,,,,,,,,,,,,,,
2.6625,Evolutionary,Psychology,,,,,,,,,,,,,,,,
3.13,Executive,Power,In,Metropolitan,American,Politics,,,,,,,,,,,,
2.96,Experimental,Phys,Chem,I,,,,,,,,,,,,,,
2.052,Experimental,Writing,Sem,,,,,,,,,,,,,,,
3.44,Experimtl,Organ,Chem,I,,,,,,,,,,,,,,
2.845,Fab,&amp;,Char,Nano,Devices,,,,,,,,,,,,,
2.165,Faculty-student,Collaborative,Action,Seminar,In,Urban,Univ-comm,Relations,,,,,,,,,,
1.823333333,Faculty/student,Collaborative,Action,Seminar,In,Urban,Univ/comm,Relations,,,,,,,,,,
2.207777778,Fiction,Writing,Workshop,,,,,,,,,,,,,,,
2.5175,Field,Meth,Of,Soc,Res,,,,,,,,,,,,,
2.1765,Fieldwork,,,,,,,,,,,,,,,,,
2.0675,Figure,Drawing,I,,,,,,,,,,,,,,,
1.47,Figure,Sculpture,I,,,,,,,,,,,,,,,
1.096666667,Film,In,Residence,Film,Culture,In,Residence,,,,,,,,,,,
0.958,Film,In,Residence,Film,Culture,In,Residence,,,,,,,,,,,
1.4,Film,In,Residence,2012/13,Proof,Of,Philadelphia,,,,,,,,,,,
2.77,Fin,&amp;,Econ,Time,Series,,,,,,,,,,,,,
2.752857143,Fin.stm,Anal&amp;rep.incent,,,,,,,,,,,,,,,,
2.785,Financial,Accounting,,,,,,,,,,,,,,,,
3.008333333,Financial,Accounting,I,,,,,,,,,,,,,,,
2.791538462,Financial,Accounting,Ii,,,,,,,,,,,,,,,
3.332666667,Financial,Derivatives,,,,,,,,,,,,,,,,
3.358,Fixed,Income,Securities,,,,,,,,,,,,,,,
3.1275,Fluid,Mechanics,,,,,,,,,,,,,,,,
2.075,Fnce,In,Mid,East,&amp;,N,Afr,,,,,,,,,,,
2.81,Fnce,Of,Buyouts,&amp;,Acqs,,,,,,,,,,,,,
2.8275,Fndmtl,Solid,State,Crct,,,,,,,,,,,,,,
2.945,Food,And,Culture,,,,,,,,,,,,,,,
1.856666667,Food,Habits,In,Phil,Comm,Food,Habits,In,Philadelphia,Communities,,,,,,,,
1.95,Food,In,Islamic,Mid,East,,,,,,,,,,,,,
2.146666667,Food/feast,Arch,Of,Table,,,,,,,,,,,,,,
2.51,Forecasting,Methods,Mgmt,,,,,,,,,,,,,,,
1.551111111,Forensic,Mental,Health,,,,,,,,,,,,,,,
2.22,Forensic,Neuroscience,,,,,,,,,,,,,,,,
1.655,Forensic,Neuroscience,Forensic,Neuroscience,&amp;,Brain,Imaging,,,,,,,,,,,
3.484,Formal,Logic,I,,,,,,,,,,,,,,,
3.58,Formal,Logic,Ii,,,,,,,,,,,,,,,
2.89,Formal,Sem,And,Cog,Sci,,,,,,,,,,,,,
2.323333333,Founda,Of,Public,Health,,,,,,,,,,,,,,
2.79,Founders,12,,,,,,,,,,,,,,,,
3.076,Founders,14,,,,,,,,,,,,,,,,
3.416666667,Fourier,Analys,&amp;,Appl,,,,,,,,,,,,,,
2.3375,Fr,Civ,From,Beg,To,1789,,,,,,,,,,,,
1.9725,Fr,Lit,In,Translation,The,Novel,&amp;,Marriage,,,,,,,,,,
2.143333333,Fr,Sem,World,After,1800,Africa,In,World,History,,,,,,,,,
2.616666667,France,&amp;,The,Europ.union,,,,,,,,,,,,,,
2.35,Francoph,Pstcolnl,Cultrs,,,,,,,,,,,,,,,
1.075714286,Franklin,Community,Sem,,,,,,,,,,,,,,,
2.5,Freedom,Freedom,What,Is,It,How,To,Measure,It,How,It,Affects,Policy,Making,,,,
2.96,Freedom,Of,Expression,,,,,,,,,,,,,,,
2.466666667,Fresh,Sem,Ame,Post-1800,Human,Nature,And,History,,,,,,,,,,
2,Fresh,Sem,Eur,Pre-1800,Dream,In,Jew,Cult,&amp;,Trad,,,,,,,,
2.922857143,Freshwater,Ecology,,,,,,,,,,,,,,,,
2.325,Freud,,,,,,,,,,,,,,,,,
1.93,Friends,Hospital,,,,,,,,,,,,,,,,
1.84,From,Alchemy,To,Nanosci,From,Alchemy,To,Nanoscience,A,History,Of,Chemistry,,,,,,
2.356666667,From,Gutenberg,To,Google,,,,,,,,,,,,,,
2.505,Fundamentals,Of,Biotech,,,,,,,,,,,,,,,
2.236363636,Fundamentals,Of,Nutrition,,,,,,,,,,,,,,,
2.565,Fundmtls,Of,Epidemiology,,,,,,,,,,,,,,,
2.860555556,Game,Theory,,,,,,,,,,,,,,,,
1.046666667,Gamification,For,Bus,,,,,,,,,,,,,,,
2.294,Gen,Chem,Lab,1,,,,,,,,,,,,,,
2.453333333,Gen,Chem,Lab,1,Gen,Chem,Lab,1,,,,,,,,,,
2.446666667,Gen,Chem,Lab,I,,,,,,,,,,,,,,
2.619090909,Gen,Chem,Lab,Ii,,,,,,,,,,,,,,
2.95,Gen.phys,Mech,Heat,Sound,,,,,,,,,,,,,,
2.825,Gen.phys,Mech,Heat,Sound,General,Physics,Mechanics,Heat,And,Sound,,,,,,,,
3.33375,Gen.phys.,Em,Optics,Modp,,,,,,,,,,,,,,
3.28,Gen.phys.,Em,Optics,Modp,General,Physics,Electromagnetism,Optics,And,Modern,Physics,,,,,,,
2.705,Gender,&amp;,Sexuality,Japan,,,,,,,,,,,,,,
2.038,Gender,&amp;,Society,,,,,,,,,,,,,,,
2.34,Gender,And,Health,,,,,,,,,,,,,,,
3.328648649,General,Chemistry,I,,,,,,,,,,,,,,,
3.355121951,General,Chemistry,Ii,,,,,,,,,,,,,,,
3.13,Genetic,Basis,Of,Behav,,,,,,,,,,,,,,
2.73,Genome,Sci,&amp;,Genomic,Med,,,,,,,,,,,,,
2.665,Genomics,Of,Human,Disease,And,Evolution,,,,,,,,,,,,
1.46,Girard,M.c.,(North,Phila.,Health,System),,,,,,,,,,,,
2.125,Gis,Map,Plac,&amp;,Analy,Spa,Gis,Mapping,Places,&amp;,Analyzing,Spaces,,,,,,
2.665,Glenn,Ligon,At,Ica,,,,,,,,,,,,,,
2.41,Global,&amp;,Int'l,Politic,,,,,,,,,,,,,,
2.816,Global,Climate,Change,,,,,,,,,,,,,,,
1.2,Global,Food,Security,,,,,,,,,,,,,,,
1.85,Global,Food,Security,For,Ten,Billion,,,,,,,,,,,,
2.825,Global,Justice,,,,,,,,,,,,,,,,
2.175,Global,Monetary,And,Financial,Institutions,Theory,And,Practice,,,,,,,,,,
2.365,Global,Monetary,And,Financial,Stability,Policy,,,,,,,,,,,,
2.28,Global,War,On,Terror,,,,,,,,,,,,,,
1.98,Globalization,Globalization,Causes,&amp;,Effects,,,,,,,,,,,,,
2.63,Globalization,&amp;,Health,,,,,,,,,,,,,,,
2.3775,Globalization,&amp;,The,City,,,,,,,,,,,,,,
2.094545455,Globalization,And,Its,Historical,Significance,,,,,,,,,,,,,
2.07,Globalizing,East,Asia,,,,,,,,,,,,,,,
2.395,Gospel,Music,,,,,,,,,,,,,,,,
2.46,Graphic,Design,Practicum,,,,,,,,,,,,,,,
2.263333333,Great,Books,Of,Judaism,,,,,,,,,,,,,,
1.975,Great,Discov,Archaeology,,,,,,,,,,,,,,,
2.0875,Great,Transformations,,,,,,,,,,,,,,,,
2.305,Greek,&amp;,Roman,Medicine,,,,,,,,,,,,,,
2.234,Greek,&amp;,Roman,Mythology,,,,,,,,,,,,,,
2.58,Greek,Arch,&amp;,Urbanism,,,,,,,,,,,,,,
2.495,Greek,Art,And,Artifact,,,,,,,,,,,,,,
2.635,Grek&amp;rom,Magic,,,,,,,,,,,,,,,,
2.665,Grk,Wrld,After,Alex,Grt,,,,,,,,,,,,,
2.21,Group,Dynamics,,,,,,,,,,,,,,,,
2.165,Handschrift-hypertext,,,,,,,,,,,,,,,,,
2.8975,Haskell,,,,,,,,,,,,,,,,,
2.115,Haydn/mozart,,,,,,,,,,,,,,,,,
2.427142857,Hc,Mgmt&amp;strat,,,,,,,,,,,,,,,,
2.866,Hc,Quality,&amp;,Outcomes,,,,,,,,,,,,,,
1.903333333,Health,&amp;,Social,Policy,,,,,,,,,,,,,,
2.546,Health,&amp;,Societies,,,,,,,,,,,,,,,
2.566666667,Health,Care,Systems,,,,,,,,,,,,,,,
2.425,Health,Ins,&amp;,Hc,Strategy,,,,,,,,,,,,,
2.31,Health,Of,Populations,,,,,,,,,,,,,,,
1.85,Health,Of,Populations,The,Health,Of,Populations,,,,,,,,,,,
2.596666667,Health,Policy,Health,Care,Reform,And,The,Future,Of,The,American,Health,System,,,,,
2.208333333,Healthy,Schools,,,,,,,,,,,,,,,,
3.568,Heat,&amp;,Mass,Transport,,,,,,,,,,,,,,
2.954,Heat/mass,Transfer,,,,,,,,,,,,,,,,
2.005,Hindu,Mythology,,,,,,,,,,,,,,,,
2.253333333,Hispanic,Theater,,,,,,,,,,,,,,,,
2.51,Hist,Ancient,Philosophy,,,,,,,,,,,,,,,
2.235,Hist,Egypt,New,Kingdom,,,,,,,,,,,,,,
2.113333333,Hist,Foreign,Aid,In,Afrc,,,,,,,,,,,,,
2.4325,Hist,Mid,East,Since,1800,,,,,,,,,,,,,
2.495,Hist,Of,Amer,Law,To,1877,,,,,,,,,,,,
2.19,Hist,Of,Mod,Bus.,Corp,,,,,,,,,,,,,
2.453333333,Hist,Of,Sexuality,In,Us,,,,,,,,,,,,,
2.11,Hist,Of,Spanish,Language,,,,,,,,,,,,,,
2.2425,Hist,Phys,Sci,19&amp;20th,C,,,,,,,,,,,,,
3.233333333,History,Historical,Practice,And,Historiography,,,,,,,,,,,,,
2.37,History,And,Theory,Ii,Cultural,Ecology,,,,,,,,,,,,
2.664,History,Of,American,Law,,,,,,,,,,,,,,
2.136666667,History,Of,Bioethics,,,,,,,,,,,,,,,
1.79,History,Of,English,Lang,,,,,,,,,,,,,,
2.116666667,History,Of,Globalization,,,,,,,,,,,,,,,
2.2175,History,Of,Modern,China,,,,,,,,,,,,,,
2.594,History,Of,Modern,Philos,,,,,,,,,,,,,,
2.1275,History,Of,Opera,,,,,,,,,,,,,,,
1.525,History,Of,Opera,Stage,Screen,Recording,,,,,,,,,,,,
2.085,Homelessness,&amp;,Urban,Inequality,,,,,,,,,,,,,,
2.835,Honors,&amp;,Capstone,Thesis,,,,,,,,,,,,,,
3.4625,Honors,Calculus,,,,,,,,,,,,,,,,
3.455,Honors,Calculus,(Continuation),,,,,,,,,,,,,,,
3.05,Honors,Calculus,Ii,,,,,,,,,,,,,,,
3.0675,Honors,Chemistry,I,,,,,,,,,,,,,,,
3.171428571,Honors,Chemistry,Ii,,,,,,,,,,,,,,,
3.62,Honors,Physics,I,,,,,,,,,,,,,,,
3.526,Honors,Physics,Ii,,,,,,,,,,,,,,,
3.008888889,Honors,Seminar,,,,,,,,,,,,,,,,
3.33,Human,Anatomy,&amp;,Physiology-part,A,,,,,,,,,,,,,
3.53,Human,Anatomy,&amp;,Physiology-part,B,,,,,,,,,,,,,
1.832,Human,Brain,Imaging,Functional,Imaging,Of,The,Human,Brain,,,,,,,,,
1.952,Human,Chronobiol,&amp;,Sleep,,,,,,,,,,,,,,
2.56,Human,Development,,,,,,,,,,,,,,,,
2.392,Human,Rights,,,,,,,,,,,,,,,,
2.282857143,Human,Rts&amp;globalization,,,,,,,,,,,,,,,,
2.603333333,Humans,&amp;,The,Environment,,,,,,,,,,,,,,
2.113333333,Humans,In,Microbial,Wrld,,,,,,,,,,,,,,
2.2225,Ideas,In,Mathematics,,,,,,,,,,,,,,,
2.87,Image,And,Sound,Editing,,,,,,,,,,,,,,
1.785,Immigrant,Urban,Labor,In,The,U.s.,,,,,,,,,,,,
1.9,Impact,Investing,,,,,,,,,,,,,,,,
2.6,Impressionism,,,,,,,,,,,,,,,,,
2.624,Ind,Study,In,Be,,,,,,,,,,,,,,
2.3,Independent,Study,Global,Supply,Chain,Mgmt,In,China,,,,,,,,,,
2.37,India,Culture,&amp;,Society,,,,,,,,,,,,,,
1.83,Indian,Folklore,,,,,,,,,,,,,,,,
2.089047619,Indus,Rel,&amp;,Hum,Res,Mgmt,,,,,,,,,,,,
2.196666667,Indust,Organization,,,,,,,,,,,,,,,,
2.5875,Industrial,Metropolis,,,,,,,,,,,,,,,,
2.828333333,Industrial,Organization,,,,,,,,,,,,,,,,
1.085,Infectious,Diseases,,,,,,,,,,,,,,,,
2.3275,Info,Strat&amp;econ,,,,,,,,,,,,,,,,
3.22,Inorganic,Chemistry,I,,,,,,,,,,,,,,,
2.824,Inorganic,Chemistry,Ii,,,,,,,,,,,,,,,
2.1,Inside,Indian,Business,,,,,,,,,,,,,,,
1.935,Int'l,Business,Ethics,,,,,,,,,,,,,,,
2.183333333,Int'l,Comparative,Mgmt.,,,,,,,,,,,,,,,
2.28,Int'l,Housing,Comparisns,,,,,,,,,,,,,,,
2.51,Int'l,Law,&amp;,Institutions,,,,,,,,,,,,,,
2,Int'l,Real,Est,Comparisn,,,,,,,,,,,,,,
2.76,Int'l,Rel,Of,South,Asia,,,,,,,,,,,,,
3.82,Integrated,Human,Anatomy,Physiology,&amp;,Physical,Assessment,I,,,,,,,,,,
3.754285714,Integrated,Human,Anatomy,Physiology,&amp;,Physical,Assessment,Ii,,,,,,,,,,
3.143333333,Integrated,Pathophysiology,Pharmacology,And,Therapeutics,,,,,,,,,,,,,
3.01,Integrated,Studies,I,Identy,Inherit,Change,,,,,,,,,,,,
2.84,Integrated,Studies,I,Knowing,,,,,,,,,,,,,,
2.82,Integrated,Studies,I,Representations,Of,Reality,,,,,,,,,,,,
2.8,Integrated,Studies,Ii,Orders,And,Origins,,,,,,,,,,,,
2.94,Integrated,Studies,Ii,Reality,,,,,,,,,,,,,,
3.3,Integrated,Studies,Ii,The,Order,Of,Things,,,,,,,,,,,
3.03,Integrated,Studies,Ii,Thinking,,,,,,,,,,,,,,
1.86,Interfacing,Cultures,Designing,For,Mobile,Web,And,Public,Media,,,,,,,,,
2.41,Intermed,Latin,Poetry,,,,,,,,,,,,,,,
2.958888889,Intermed,Macroeconomics,,,,,,,,,,,,,,,,
3.281111111,Intermed,Microeconomics,,,,,,,,,,,,,,,,
2.155,Intermediate,French,I,,,,,,,,,,,,,,,
2.45,Intermediate,Hindi,Ii,Intermediate,Hindi,Part,Ii,,,,,,,,,,,
1.81,Intermediate,Sitar,I,,,,,,,,,,,,,,,
1.585,Intermediate,Sitar,Ii,,,,,,,,,,,,,,,
3.005,International,Banking,,,,,,,,,,,,,,,,
2.844444444,International,Corp,Finan,,,,,,,,,,,,,,,
2.970909091,International,Economics,,,,,,,,,,,,,,,,
2.744285714,International,Finance,,,,,,,,,,,,,,,,
2.53,International,Pol,Econ,,,,,,,,,,,,,,,
2.96,International,Pol,Econ.,,,,,,,,,,,,,,,
2.716,International,Security,,,,,,,,,,,,,,,,
2.56,International,Trade,,,,,,,,,,,,,,,,
2.413333333,Internet,Law,&amp;,Policy,,,,,,,,,,,,,,
2.977222222,Intl,Financial,Markets,,,,,,,,,,,,,,,
3.265,Intl,Politics,Midd,East,,,,,,,,,,,,,,
2.4,Intro,Adv,Latin,Lit,,,,,,,,,,,,,,
2.0725,Intro,Africana,Studies,,,,,,,,,,,,,,,
1.98,Intro,Amer/brit,Flm/med,Hollywood,Film,Industry,,,,,,,,,,,,
2.636,Intro,Artificial,Intell,,,,,,,,,,,,,,,
2.825,Intro,Astrophysics,I,,,,,,,,,,,,,,,
2.376,Intro,Astrophysics,Ii,,,,,,,,,,,,,,,
3.313333333,Intro,Bio-molec,Bio,Life,,,,,,,,,,,,,,
3.235,Intro,Biology,A,,,,,,,,,,,,,,,
3.141818182,Intro,Biology,B,,,,,,,,,,,,,,,
2.256,Intro,Buddhism,,,,,,,,,,,,,,,,
3.077659574,Intro,Business,Stat,,,,,,,,,,,,,,,
2.643333333,Intro,Class,Chinese,Thgt,,,,,,,,,,,,,,
2.0475,Intro,Cognitive,Science,,,,,,,,,,,,,,,
2.745,Intro,Econ,Micro,,,,,,,,,,,,,,,
1.82,Intro,Film,Form,Context,,,,,,,,,,,,,,
2.25,Intro,Greek,Archaeology,,,,,,,,,,,,,,,
2.505,Intro,Jewish,Mysticism,,,,,,,,,,,,,,,
2.25,Intro,Journalistic,Writ,,,,,,,,,,,,,,,
1.515,Intro,Journalistic,Writ,Entrepreneurial,Journal,,,,,,,,,,,,,
1.946666667,Intro,Lat,Am,&amp;,Latino,St,,,,,,,,,,,,
2.6375,Intro,Light,Set,Costume,,,,,,,,,,,,,,
2.60125,Intro,Literary,Analysis,,,,,,,,,,,,,,,
2.512,Intro,Literary,Theory,,,,,,,,,,,,,,,
3.678,Intro,Nanoscale,Matl,,,,,,,,,,,,,,,
2.54,Intro,Netwrks,&amp;,Protocol,,,,,,,,,,,,,,
2.278888889,Intro,Organism,Biol.,Lab,,,,,,,,,,,,,,
2.426666667,Intro,Positive,Psych,,,,,,,,,,,,,,,
2.87,Intro,Postcolonial,Lit,,,,,,,,,,,,,,,
3.155,Intro,Quant,Mech,,,,,,,,,,,,,,,
2.39,Intro,Roman,Archaeology,,,,,,,,,,,,,,,
2.786666667,Intro,Scientific,Comp,,,,,,,,,,,,,,,
2.193333333,Intro,Soc,Research,,,,,,,,,,,,,,,
1.98,Intro,Soci,Research,,,,,,,,,,,,,,,
2.3325,Intro,Theory&amp;muscianshp,Making,Sense,Of,Music,,,,,,,,,,,,
2.39,Intro,Theory&amp;musicianshp,Making,Sense,Of,Music,,,,,,,,,,,,
2.266666667,Intro,To,Afro-amer,Pol,,,,,,,,,,,,,,
3.68,Intro,To,Algorithms,,,,,,,,,,,,,,,
2.485,Intro,To,Amer,Politics,,,,,,,,,,,,,,
2.115,Intro,To,Anc,Near,East,,,,,,,,,,,,,
1.74,Intro,To,Archaeology,Lecture,,,,,,,,,,,,,,
1.97,Intro,To,Art,Spiegel,Contemporary,Art,Freshman,Seminar,,,,,,,,,,
2.04,Intro,To,Asian,Amer,Hist,,,,,,,,,,,,,
1.775,Intro,To,Bioeng,Ii,,,,,,,,,,,,,,
1.098571429,Intro,To,Bioengineering,,,,,,,,,,,,,,,
2.795714286,Intro,To,Biomechanics,,,,,,,,,,,,,,,
3.37,Intro,To,Biotechnology,,,,,,,,,,,,,,,
3.382,Intro,To,Biotrans,Proces,,,,,,,,,,,,,,
3.23,Intro,To,Brain,&amp;,Behav,,,,,,,,,,,,,
2.61,Intro,To,Business,Econom,,,,,,,,,,,,,,
3.398,Intro,To,Chemical,Eng,,,,,,,,,,,,,,
2.3175,Intro,To,Chinese,Civiliz,,,,,,,,,,,,,,
3.514,Intro,To,Comp,Graph,Tech,,,,,,,,,,,,,
3.259545455,Intro,To,Comp,Prog,,,,,,,,,,,,,,
3.452857143,Intro,To,Comp,Systems,,,,,,,,,,,,,,
2.753333333,Intro,To,Computational,Biology,&amp;,Biological,Modeling,,,,,,,,,,,
2.81,Intro,To,Demog,Methods,,,,,,,,,,,,,,
2.133333333,Intro,To,Directing,,,,,,,,,,,,,,,
3.2075,Intro,To,Dynamic,Systems,,,,,,,,,,,,,,
2.645,Intro,To,Econ,For,Bus,,,,,,,,,,,,,
2.114,Intro,To,Engineering,,,,,,,,,,,,,,,
1.952,Intro,To,Envir,Design,People,&amp;,Design,,,,,,,,,,,
2.305,Intro,To,Ethnomusicology,,,,,,,,,,,,,,,
2.553333333,Intro,To,Euro,Art,Music,,,,,,,,,,,,,
2.097692308,Intro,To,Exp,Psych,,,,,,,,,,,,,,
1.105,Intro,To,Exp,Psych,Introduction,To,Experimental,Psychology,Bfs,Seminar,,,,,,,,
2.19,Intro,To,Film,Theory,,,,,,,,,,,,,,
2.856666667,Intro,To,Flight,,,,,,,,,,,,,,,
1.856666667,Intro,To,Folklore,,,,,,,,,,,,,,,
2.156666667,Intro,To,Formal,Ling,,,,,,,,,,,,,,
2.5825,Intro,To,Geology,,,,,,,,,,,,,,,
2.113333333,Intro,To,German,Culture,,,,,,,,,,,,,,
2.265,Intro,To,Human,Evolution,Introduction,To,Human,Evolution,,,,,,,,,,
2.07,Intro,To,Human,Evolution,Lecture,,,,,,,,,,,,,
2.7575,Intro,To,Intl,Relations,,,,,,,,,,,,,,
3.165,Intro,To,Islamic,Law,,,,,,,,,,,,,,
2.221428571,Intro,To,Japanese,Civil,,,,,,,,,,,,,,
2.43,Intro,To,Korean,Civ,,,,,,,,,,,,,,
1.91,Intro,To,Language,Change,,,,,,,,,,,,,,
2.684754098,Intro,To,Law,&amp;,Leg,Proc,,,,,,,,,,,,
2.173333333,Intro,To,Linguistics,,,,,,,,,,,,,,,
2.691764706,Intro,To,Macro,,,,,,,,,,,,,,,
2.254671533,Intro,To,Management,,,,,,,,,,,,,,,
2.436704545,Intro,To,Marketing,,,,,,,,,,,,,,,
2.629,Intro,To,Mech,Design,,,,,,,,,,,,,,
3.136,Intro,To,Mechanics,,,,,,,,,,,,,,,
2.11,Intro,To,Mechanics,Lab,,,,,,,,,,,,,,
2.1325,Intro,To,Med,Anthro,,,,,,,,,,,,,,
2.3625,Intro,To,Med,Archaeology,,,,,,,,,,,,,,
2.94,Intro,To,Med,Imaging,,,,,,,,,,,,,,
2.703333333,Intro,To,Mgmt,Science,,,,,,,,,,,,,,
2.73,Intro,To,Micro,,,,,,,,,,,,,,,
2.218,Intro,To,Middle,East,,,,,,,,,,,,,,
2.2,Intro,To,Modern,India,,,,,,,,,,,,,,
1.525,Intro,To,Nanotechnology,,,,,,,,,,,,,,,
2.695,Intro,To,Netwrks,&amp;,Sec,,,,,,,,,,,,,
3.33,Intro,To,Ops,&amp;,Info,Mgmt,,,,,,,,,,,,
2.70875,Intro,To,Ops,&amp;,Info,Mgmt,Introduction,To,Operations,And,Information,Management,,,,,,
2.72,Intro,To,Ops,&amp;,Info,Mgmt,Introduction,To,Operations,And,Information,Mangement,,,,,,
2.323846154,Intro,To,Philosophy,,,,,,,,,,,,,,,
2.645,Intro,To,Photography,,,,,,,,,,,,,,,
3.52,Intro,To,Political,Comm,,,,,,,,,,,,,,
2.575,Intro,To,Print,Culture,,,,,,,,,,,,,,
2.51,Intro,To,Process,Design,,,,,,,,,,,,,,
3.204,Intro,To,Qm,Ii,,,,,,,,,,,,,,
1.97,Intro,To,Queer,Studies,Introduction,To,Queer,Studies,,,,,,,,,,
1.996,Intro,To,Socioling,,,,,,,,,,,,,,,
2.115,Intro,To,Sociology,,,,,,,,,,,,,,,
2.0525,Intro,To,Speech,Analysis,,,,,,,,,,,,,,
1.65,Intro,To,The,Bible,,,,,,,,,,,,,,
2.255,Intro.,Molec.,Biol.,Lab,,,,,,,,,,,,,,
2.515,Intro.,To,Literary,Study,Dangerous,Writers,,,,,,,,,,,,
1.580740741,Introduction,To,Acting,,,,,,,,,,,,,,,
2.17,Introduction,To,Africa,,,,,,,,,,,,,,,
2.7545,Introduction,To,Calculus,,,,,,,,,,,,,,,
2.786666667,Introduction,To,Computers,In,Architecture,,,,,,,,,,,,,
2.9475,Introduction,To,Environmental,Earth,Science,,,,,,,,,,,,,
1.65,Introduction,To,Geotechnical,Science,,,,,,,,,,,,,,
2.316666667,Introduction,To,German,Literature,,,,,,,,,,,,,,
2.305,Introduction,To,Indian,Philosophy,,,,,,,,,,,,,,
2.676666667,Introduction,To,Journalistic,Writing,Writing,About,Food,,,,,,,,,,,
3.26,Introduction,To,Microbiology,And,Human,Biochemistry,,,,,,,,,,,,
1.94,Introduction,To,Modern,India,,,,,,,,,,,,,,
2.473333333,Introduction,To,Museums,,,,,,,,,,,,,,,
2.72625,Introduction,To,Om,,,,,,,,,,,,,,,
2.695,Introduction,To,Om,Introduction,To,Operations,Management,,,,,,,,,,,
1.88,Introduction,To,Religion,,,,,,,,,,,,,,,
1.933333333,Introduction,To,Statistics,,,,,,,,,,,,,,,
2.608,Introduction,To,Syntax,,,,,,,,,,,,,,,
1.905,Introduction,To,The,New,Testament,,,,,,,,,,,,,
1.335,Introduction,To,Theatre,,,,,,,,,,,,,,,
2.64,Introduction,To,Western,Art,&amp;,Civilization,Origins,To,Renaissance,,,,,,,,,
2.600357143,Introductory,Statistics,,,,,,,,,,,,,,,,
2.930526316,Investment,Management,,,,,,,,,,,,,,,,
2.34,Iphone,App,Development,,,,,,,,,,,,,,,
1.35,Iran,Cinema,Gend/pol/rel,,,,,,,,,,,,,,,
2.715,Irish,Literature,Modern,Irish,Literature,,,,,,,,,,,,,
2.123333333,Islam,&amp;,Soc'ty,In,Africa,,,,,,,,,,,,,
2.556666667,Islam,In,Modern,World,,,,,,,,,,,,,,
2.076666667,Issues,In,Nutrition,Exercise,And,Fitness,,,,,,,,,,,,
0.9,Ital,Conver,In,Residence,,,,,,,,,,,,,,
2.28,Ital,Hist,1789-present,,,,,,,,,,,,,,,
1.645,Italian,Hist,On,Screen,,,,,,,,,,,,,,
2.094,Italian,Literature,,,,,,,,,,,,,,,,
1.871111111,J,W,Scholar,Sr,Res,Sem,,,,,,,,,,,,
2.115,Japan,Age,Of,The,Samurai,,,,,,,,,,,,,
2.13,Javascript,,,,,,,,,,,,,,,,,
2.05,Jazz,Style,And,History,Jazz,Is,A,Woman.,,,,,,,,,,
1.615,Jazz,Style,And,History,,,,,,,,,,,,,,
2.1875,Jewish,Folklore,,,,,,,,,,,,,,,,
2.022,Jewish,Humor,,,,,,,,,,,,,,,,
2.6,Jews,&amp;,Judaism,In,Antqty,,,,,,,,,,,,,
2.3025,Jews,In,The,Modern,World,,,,,,,,,,,,,
2.285,Journalism,&amp;,Public,Serv,,,,,,,,,,,,,,
2.855238095,Jr,Yr,Brunner,Itc,Moduls,,,,,,,,,,,,,
2.228,Judgment,And,Decisions,,,,,,,,,,,,,,,
2.825,Junior,Honors,In,History,,,,,,,,,,,,,,
2.89,Junior,Honors,In,History,American,Honors,,,,,,,,,,,,
2.94,Junior,Honors,In,History,European/world,Honors,,,,,,,,,,,,
2.565,Justice,,,,,,,,,,,,,,,,,
2.426666667,Justice,Law,&amp;,Morality,,,,,,,,,,,,,,
1.835,Kirkbride,Treatment,Center,,,,,,,,,,,,,,,
2.7,Lab,In,Mod,Phys,,,,,,,,,,,,,,
2.465714286,Labor,Economics,,,,,,,,,,,,,,,,
2.732617284,Laboratory,,,,,,,,,,,,,,,,,
3.2925,Laboratory,Med,Modules,12-3pm,N215,Sim,4-7pm,,,,,,,,,,,
3.107142857,Laboratory,Med,Modules,4-7pm,N215,Sim,8-11am,,,,,,,,,,,
3.175,Laboratory,Med,Modules,8-11am,N215,Sim,12-3pm,,,,,,,,,,,
2.1775,Land,Of,The,Pharaohs,,,,,,,,,,,,,,
1.48,Lang,Struct,&amp;,Verbal,Art,,,,,,,,,,,,,
2.4375,Language,Acquisition,,,,,,,,,,,,,,,,
1.3625,Language,And,Game,Theory,,,,,,,,,,,,,,
2.63,Language,And,Thought,,,,,,,,,,,,,,,
2.08,Late,Imperial,China,,,,,,,,,,,,,,,
2.1525,Latin,Amer,1791-pres,,,,,,,,,,,,,,,
2.18,Latina/o,Literature,,,,,,,,,,,,,,,,
1.976666667,Latinos,In,United,States,Latinos,In,The,United,States,,,,,,,,,
2.7775,Law,&amp;,Economics,,,,,,,,,,,,,,,
2.735,Law,&amp;,Pol,In,Int'l,Bus,,,,,,,,,,,,
1.94,Law,&amp;,Society,,,,,,,,,,,,,,,
1.814,Law,And,Criminal,Justice,,,,,,,,,,,,,,
2.78,Law,And,Economics,,,,,,,,,,,,,,,
2.038,Law,And,Social,Change,,,,,,,,,,,,,,
1.634,Law,At,Work,Emp,Law,Mgr,,,,,,,,,,,,
2.4675,Law,Of,Corp,Mgmt,&amp;,Fnce,,,,,,,,,,,,
1.6225,Law,Soc,Pol,Sex,Repro,Women,Gender,Sexuality,And,The,Law,,,,,,,
2.655,Ldershp,&amp;,Commun,In,Grps,,,,,,,,,,,,,
2.644324324,Ldershp,&amp;,Commun,In,Grps,Lecture,,,,,,,,,,,,
2.765,Ldrship,Comm,In,Grps,,,,,,,,,,,,,,
2.675,Leadership,In,The,Complex,Healthcare,System,,,,,,,,,,,,
2.905,Learning,And,Memory,,,,,,,,,,,,,,,
2.613666667,Lecture,,,,,,,,,,,,,,,,,
2.815,Lecture,Advanced,Synthesis,And,Spectroscopy,Lab,,,,,,,,,,,,
2.675,Lecture,Gen,Chem,Lab,1,,,,,,,,,,,,,
2.3325,Leg,Asp,Entreprenship,,,,,,,,,,,,,,,
2.83,Life,And,Death,Of,Stars,,,,,,,,,,,,,
2.710555556,Linear,Algebra,,,,,,,,,,,,,,,,
3.48,Linguistic,Field,Methods,,,,,,,,,,,,,,,
1.93,Linux/unix,Skills,,,,,,,,,,,,,,,,
2.345,Literary,Genres,Tragedy,,,,,,,,,,,,,,,
2.51,Literature,And,Law,,,,,,,,,,,,,,,
2.462222222,Literature,Before,1660,,,,,,,,,,,,,,,
2.795,Literature,Of,Success,,,,,,,,,,,,,,,
2.966666667,Literature,Of,Success,Literature,Of,Success,Ethical,And,Historical,Perspectives,,,,,,,,
2.285,Literatures,Of,Jazz,,,,,,,,,,,,,,,
2.08,Logic,&amp;,Formal,Reasoning,,,,,,,,,,,,,,
3.719230769,Lsmp,Capstone,,,,,,,,,,,,,,,,
2.105,Lsmp,Proseminar,,,,,,,,,,,,,,,,
2.95,Mach,Design,&amp;,Manufact,,,,,,,,,,,,,,
2.7275,Macro-modeling,,,,,,,,,,,,,,,,,
3.068,Macro&amp;nano-scale,Matls,,,,,,,,,,,,,,,,
1.97,Madness,&amp;,Madmen,,,,,,,,,,,,,,,
1.785,Madness,And,Madmen,In,Russian,Culture,,,,,,,,,,,,
2.335,Maj,Sem,World,Aft,1800,Globalization,First,Wave,,,,,,,,,,
2.505,Maj,Sem,World,Aft,1800,History,Of,Trade,,,,,,,,,,
2.17,Major,Sem,Amer,Pre-1800,Early,American,Studies,,,,,,,,,,,
2.95,Major,Sem,Amer,Post-1800,Media,In,American,Hist,,,,,,,,,,
2.5,Major,Sem,Eur,Post-1800,Ethnic,Cleansing,In,Modern,Europe,,,,,,,,,
2.153333333,Major,Sem,Eur,Post-1800,History,And,Literature,,,,,,,,,,,
2.125,Major,Sem,Eur,Post-1800,Wwii,In,Film,&amp;,Fiction,,,,,,,,,
2.454444444,Makg,Sense,Of,Mus,Intro,,,,,,,,,,,,,
2.38,Making,And,Breaking,European,Hegemony,,,,,,,,,,,,,
2.07,Making,Of,Modern,World,,,,,,,,,,,,,,
2.57,Management,Info,Systems,,,,,,,,,,,,,,,
2.49,Management,Of,Technology,,,,,,,,,,,,,,,
2.693333333,Managerial,Accounting,,,,,,,,,,,,,,,,
3.186153846,Managerial,Economics,,,,,,,,,,,,,,,,
2.996666667,Managerial,Economics,Honors,,,,,,,,,,,,,,,
2.46,Marine,Biology,,,,,,,,,,,,,,,,
2.76,Market,Design,,,,,,,,,,,,,,,,
2.528888889,Marketing,Research,,,,,,,,,,,,,,,,
2.4125,Marketing,Str,,,,,,,,,,,,,,,,
2.287142857,Marketing,Strategy,,,,,,,,,,,,,,,,
2.663333333,Markets,Morality&amp;capital,,,,,,,,,,,,,,,,
3.248,Markets,With,Frictions,,,,,,,,,,,,,,,
2.306666667,Marx,,,,,,,,,,,,,,,,,
2.9,Mass,Media,&amp;,Soc,,,,,,,,,,,,,,
1.89,Masterpieces,Of,Fr,Cinem,,,,,,,,,,,,,,
2.6975,Material&amp;energy,Balances,,,,,,,,,,,,,,,,
1.798,Materials,Selection,,,,,,,,,,,,,,,,
3.345555556,Math,Found,Comp,Sci,,,,,,,,,,,,,,
2.255,Math,In,Age,Of,Info,Math,In,The,Media,,,,,,,,,
2.79,Mathematical,Statistics,,,,,,,,,,,,,,,,
2.5175,Meam,Lab,I,,,,,,,,,,,,,,,
2.76,Mech,Eng,Design,Projects,,,,,,,,,,,,,,
3.4925,Mech,Prop,Nano/macro,,,,,,,,,,,,,,,
3.036,Mechanics,Of,Solids,,,,,,,,,,,,,,,
2.55,Med,&amp;,Early,Mod,Jewry,,,,,,,,,,,,,
1.575,Med,Missionaries,&amp;,Partn,,,,,,,,,,,,,,
2.41,Media,Act&amp;,Soc,Change,,,,,,,,,,,,,,
1.47,Media,Activism,Studies,,,,,,,,,,,,,,,
2.425,Media,And,Politics,,,,,,,,,,,,,,,
2.57,Media,City,New,Lifestyles/new,Forms,,,,,,,,,,,,,
2.047142857,Medical,Devices,,,,,,,,,,,,,,,,
2.108,Medical,Sociology,,,,,,,,,,,,,,,,
2.9975,Medicine,And,Development,,,,,,,,,,,,,,,
2.4375,Medicine,In,History,,,,,,,,,,,,,,,
2.1,Medieval,Literature,,,,,,,,,,,,,,,,
2.03,Medieval,Russia,Origins,Of,Russian,Cultural,Identity,,,,,,,,,,,
1.986666667,Mental,Illness,,,,,,,,,,,,,,,,
2.38,Mergers,&amp;,Acquisitions,,,,,,,,,,,,,,,
2.195,Metropolitan,Nature,,,,,,,,,,,,,,,,
2.696,Mgmt&amp;econofpharma,Biotec,,,,,,,,,,,,,,,,
2.81,Microbial,Diversity,&amp;,Pathogenesis,,,,,,,,,,,,,,
3.251666667,Microbiology,,,,,,,,,,,,,,,,,
2.12,Mideast,Thru,Many,Lenses,,,,,,,,,,,,,,
2.346666667,Migration,&amp;,Middle,East,,,,,,,,,,,,,,
1.098,Mime,&amp;,Movement,Movement,For,The,Actor,,,,,,,,,,,
3.007777778,Mixed,Media,Animation,,,,,,,,,,,,,,,
2.044,Mkt/soc,Sys,On,Internet,,,,,,,,,,,,,,
1.886666667,Mod,Biol,&amp;,Soc,Implicati,,,,,,,,,,,,,
1.85,Mod,Heb,Lit,&amp;,Cult,Trans,Fantasy,Dream,And,Madness,In,Israeli,Literature,And,Film,,,
1.92,Mod,Heb,Lit,&amp;,Cult,Trans,First,Israeli,Writers,,,,,,,,,
1.96,Mod,Italian,Culture,Blood,Sweat,&amp;,Pasta,Ital-american,Represen,In,American,Popular,Culture,,,,,
2.51,Mod,Jew,Intel,&amp;,Cult,His,,,,,,,,,,,,
2.541578947,Mod,Mideast,Lit,In,Trans,,,,,,,,,,,,,
2.37,Models,For,Mktg,Strategy,,,,,,,,,,,,,,
2.435,Modern,America,,,,,,,,,,,,,,,,
2.395,Modern,American,Culture,,,,,,,,,,,,,,,
2.73,Modern,Arch,1900-present,,,,,,,,,,,,,,,
2.815,Modern,Architecture,Ii,,,,,,,,,,,,,,,
2.319411765,Modern,France,1789-1945,,,,,,,,,,,,,,,
2.15,Modern,Japanese,Hist,,,,,,,,,,,,,,,
2.215,Modern,Japanese,History,,,,,,,,,,,,,,,
2.41,Modern,Korea,,,,,,,,,,,,,,,,
3.22,Modern,Optics,,,,,,,,,,,,,,,,
2.574,Modern,Political,Thought,,,,,,,,,,,,,,,
2.973333333,Modern,Regression,,,,,,,,,,,,,,,,
2.625,Modernisms,&amp;,Modernities,,,,,,,,,,,,,,,
3.003333333,Molec,Genetics,,,,,,,,,,,,,,,,
2.928,Molec,Mech,Infect,Diseas,,,,,,,,,,,,,,
3.35375,Molec.,Biol.,&amp;,Genetics,,,,,,,,,,,,,,
3.52625,Molecular,And,Cellular,Neurobiology,,,,,,,,,,,,,,
2.51,Molecular,Physiology,,,,,,,,,,,,,,,,
3.405,Monetary,&amp;,Fiscal,Policy,,,,,,,,,,,,,,
2.970701754,Monetary,Econ,&amp;,Glob,Eco,,,,,,,,,,,,,
2.846666667,Monetary,Economics,,,,,,,,,,,,,,,,
3.246,Money,And,Banking,,,,,,,,,,,,,,,
2.645,Money,And,Markets,,,,,,,,,,,,,,,
1.7,Monsters,Of,Japan,,,,,,,,,,,,,,,
2.866666667,Morphological,Theory,,,,,,,,,,,,,,,,
3.07,Morphology,Theory,Ii,,,,,,,,,,,,,,,
2.85875,Multinational,Management,,,,,,,,,,,,,,,,
1.555,Multinational,Marketing,,,,,,,,,,,,,,,,
2.003333333,Multinatl,Corp,Strateg,,,,,,,,,,,,,,,
2.71,Mural,Arts,,,,,,,,,,,,,,,,
1.443333333,Music,&amp;,The,Brain,,,,,,,,,,,,,,
2.145,Music,And,Bodies,,,,,,,,,,,,,,,
2,Music,And,Literature,Sound,Of,Poetry,The,Poetry,Of,Sound,From,Homer,To,Langston,Hughes,,,
2.11,Music,And,Literature,Sounding,Poetry,,,,,,,,,,,,,
1.813333333,Music,And,Technology,,,,,,,,,,,,,,,
2,Music,Cult,N,India,&amp;,Pak,Musical,Cultures,Of,North,India,And,Pakistan,,,,,
1.916,Music,In,Urban,Spaces,,,,,,,,,,,,,,
1.98,Music,Of,Africa,,,,,,,,,,,,,,,
1.775,Musical,Life,In,America,,,,,,,,,,,,,,
1.925,Mythology,&amp;,The,Movies,,,,,,,,,,,,,,
2.18,Myths,&amp;,Relig,Anc,World,,,,,,,,,,,,,
3.525714286,Nano-scale,Materials,Lab,,,,,,,,,,,,,,,
2.555,Napoleonic,Era,&amp;,Tolstoy,,,,,,,,,,,,,,
2.205,Narrat,Across,Cultures,,,,,,,,,,,,,,,
1.763333333,Narrative,Analysis,,,,,,,,,,,,,,,,
2.455,Nat,Disturb,&amp;,Disasters,,,,,,,,,,,,,,
2.626666667,Nations,Pol,And,Markets,,,,,,,,,,,,,,
2.713333333,Native,American,Lit,,,,,,,,,,,,,,,
2.445,Native,American,Rel/lit,,,,,,,,,,,,,,,
1.995,Native,American,Spirituality,Health,And,Contemporary,Concerns,,,,,,,,,,,
2.35,Native,Peoples,&amp;,Environ,,,,,,,,,,,,,,
2.483333333,Natural,Disturbances,And,Human,Disasters,,,,,,,,,,,,,
2.123846154,Negotiation/conflict,Res,,,,,,,,,,,,,,,,
1.997878788,Negotiations,,,,,,,,,,,,,,,,,
2.128,Neighbrhd,Dyn.,Of,Crime,,,,,,,,,,,,,,
2.1375,Networked,Life,,,,,,,,,,,,,,,,
3.366666667,Neural,Systems,And,Behavior,,,,,,,,,,,,,,
3.01,Neural,Systems,Behavior,,,,,,,,,,,,,,,
2.633333333,Neurobiol,Learn,&amp;,Memory,,,,,,,,,,,,,,
2.75,Neurobiology,Of,Behavior,,,,,,,,,,,,,,,
2.635,Neurodegenerative,Diseas,,,,,,,,,,,,,,,,
2.73,Neuroeconomics,,,,,,,,,,,,,,,,,
3.07,Neuroendocrinology,,,,,,,,,,,,,,,,,
1.615,Neurolaw,,,,,,,,,,,,,,,,,
2.09,New,Product,Development,,,,,,,,,,,,,,,
1.898888889,New,Product,Management,,,,,,,,,,,,,,,
2.39,Nietzsche's,Modernity,,,,,,,,,,,,,,,,
2.35,Non-profit,Comm,Strategy,,,,,,,,,,,,,,,
2.153333333,Nonprofit,Sector,Econom,,,,,,,,,,,,,,,
2.2,Norristown,State,Hospital,,,,,,,,,,,,,,,
3.6075,Num.,Methods,For,Macro,,,,,,,,,,,,,,
2.8,Number,Theory,,,,,,,,,,,,,,,,
3.066,Nursing,Care,Of,The,Older,Adult,Theory/clinical,,,,,,,,,,,
3.337272727,Nursing,Care,Of,Young,&amp;,Middle,Aged,Adult,Theory/clinical,,,,,,,,,
1.66,Nursing,Honors,Research,Project,,,,,,,,,,,,,,
2.03,Nursing,In,The,Community,,,,,,,,,,,,,,
1.896969697,Nursing,In,The,Community,Clinical,,,,,,,,,,,,,
2.114285714,Nursing,In,The,Community,Theory,,,,,,,,,,,,,
2.896923077,Nursing,Of,Children,Theory/clinical,,,,,,,,,,,,,,
2.8,Nursing,Of,Older,Adults,,,,,,,,,,,,,,
2.788,Nursing,Of,The,Childbearing,Family,Theory/clinical,,,,,,,,,,,,
2.561428571,Nursing,Of,Women,And,Infants,,,,,,,,,,,,,
3.455714286,Nursing,Of,Young,And,Middle,Aged,Adults,,,,,,,,,,,
2.338846154,Nutrition,Science,&amp;,Applications,,,,,,,,,,,,,,
1.86,Nutrition,Throughout,The,Life,Cycle,,,,,,,,,,,,,
1.788,Nutritional,Anthropology,,,,,,,,,,,,,,,,
2.785,Nutritional,Aspects,Of,Disease,,,,,,,,,,,,,,
3.09,Ocean-atmosph,Dynamics,,,,,,,,,,,,,,,,
3.445,Ocean-atmosphere,Dynamics,And,Implications,For,Future,Climate,Change,,,,,,,,,,
2.372857143,Oceanography,Oceanography,Oceans,&amp;,Climate,,,,,,,,,,,,,
2.765,Old,English,,,,,,,,,,,,,,,,
1.5,Older,Woman,Clinical,Foulkeways,-,Gwynedd,Mercy,,,,,,,,,,,
1.4,Older,Woman,Clinical,Pennswood,-,Bucks,County,Pa,,,,,,,,,,
1.075,Older,Woman,Clinical,West,Philadelphia,Community,Senior,Center,,,,,,,,,,
2.855,Open,Book,,,,,,,,,,,,,,,,
2.147777778,Optimization,Of,Systems,,,,,,,,,,,,,,,
3.71,Org,Chem,Ii,Chem,Biol,Organic,Chemistry,Ii,Principles,Of,Organic,Chemistry,With,Applications,In,,,
3.688,Organic,Chemistry,I,,,,,,,,,,,,,,,
3.653,Organic,Chemistry,Ii,,,,,,,,,,,,,,,
3.28,Organic,Mechanisms,Struc,,,,,,,,,,,,,,,
3.18,Organic,Reactions,,,,,,,,,,,,,,,,
1.68,Organizational,Behavior,,,,,,,,,,,,,,,,
2.173333333,Origin,&amp;,Cultr,Of,Cities,,,,,,,,,,,,,
2.2,Ottoman,Turkish,I,,,,,,,,,,,,,,,
2.756666667,Pa,Hospital,-,Spruce,4,,,,,,,,,,,,,
1.625,Pa,Hospital,-,Spruce,6-Apr,,,,,,,,,,,,,
1.9,Pa,Hospital,-,Spruce,6,,,,,,,,,,,,,
1.96,Paleontology,,,,,,,,,,,,,,,,,
1.833333333,Paris,In,Film,,,,,,,,,,,,,,,
3.45,Pathophysiology,Pharmacology,And,Therapeutics,,,,,,,,,,,,,,
2.33,Paul,Strand,Curatorial,Seminar,,,,,,,,,,,,,,
3.28,Pediatric,Nursing,,,,,,,,,,,,,,,,
2.035,Peer,Tutor,Training,,,,,,,,,,,,,,,
1.83,Peer,Tutor,Training,Peer,Tutor,Training,,,,,,,,,,,,
1.555,Penn,Flutes,,,,,,,,,,,,,,,,
2.5025,Perception,,,,,,,,,,,,,,,,,
1.653333333,Perf.,Arts,Criticism,Art,Reviewing/criticism,,,,,,,,,,,,,
1.8675,Perform,Arts,South,Asia,,,,,,,,,,,,,,
2.715,Personality,&amp;,Indiv,Diff,,,,,,,,,,,,,,
2.665,Personality,And,Individual,Differences,,,,,,,,,,,,,,
2.303333333,Personne/hum,Res,Mgmt,,,,,,,,,,,,,,,
2.253333333,Persp,On,Urban,Poverty,,,,,,,,,,,,,,
2.43,Persp,Span/spanam,Lit,,,,,,,,,,,,,,,
2.173333333,Perspct,In,French,Lit,,,,,,,,,,,,,,
2.1325,Perspct,In,French,Lit,The,Individual,&amp;,Society,,,,,,,,,,
2.798,Persuasion,&amp;,Comm,,,,,,,,,,,,,,,
2.922,Phase,Transformations,,,,,,,,,,,,,,,,
3.03,Phil,&amp;,Visual,Perception,,,,,,,,,,,,,,
3.105,Phil,Of,Language,,,,,,,,,,,,,,,
2.596666667,Phil,Of,Science,,,,,,,,,,,,,,,
2.62,Phil,Of,Science,Philosophy,Of,Physics,,,,,,,,,,,,
2.552,Phil,Of,Social,Science,,,,,,,,,,,,,,
2.176666667,Phil,Of,Space,&amp;,Time,,,,,,,,,,,,,
2.44,Philadelphia,1700-2000,,,,,,,,,,,,,,,,
2.806666667,Philos,Politics,&amp;,Econ,Conceptions,Of,Equality,,,,,,,,,,,
3.21,Philos,Politics,&amp;,Econ,Globalization,And,Corruption,,,,,,,,,,,
2.28,Philos,Politics,&amp;,Econ,Role,Of,Cognitive,Frames,In,Societal,Rigidity,&amp;,Change,Economist's,Perspec,,,
2.855,Philos,Politics,&amp;,Econ,The,Moral,Foundations,Of,Globalization,,,,,,,,,
2.067142857,Philos,Politics,&amp;,Econ,Topics,In,Economics,And,Psychology,Fairness,,,,,,,,
2.363333333,Philosophical,Problems,Of,Journalism,,,,,,,,,,,,,,
2.42,Philosophy,Of,Biology,,,,,,,,,,,,,,,
2.163333333,Philosophy,Of,Economics,,,,,,,,,,,,,,,
2.301666667,Philosophy,Of,Mind,,,,,,,,,,,,,,,
2.74,Photographs,And,Stories,Writing,From,Photographs,,,,,,,,,,,,
2.985,Photography,And,Fiction,,,,,,,,,,,,,,,
2.16,Photography,Practices,,,,,,,,,,,,,,,,
2.785,Phys,For,Architects,I,,,,,,,,,,,,,,
2.255,Phys,For,Architects,Ii,,,,,,,,,,,,,,
3.3,Phys,Models,Bio,Systems,Physical,Models,Of,Biological,Systems,,,,,,,,,
3.1,Phys/models,Semicon,Dev,,,,,,,,,,,,,,,
3.5075,Physical,Chemistry,I,,,,,,,,,,,,,,,
3.263333333,Physical,Chemistry,Ii,,,,,,,,,,,,,,,
3.05,Physiology,Motivated,Beh,,,,,,,,,,,,,,,
1.395,Planning,To,Be,Offshore,,,,,,,,,,,,,,
2.403333333,Plato,,,,,,,,,,,,,,,,,
1.8325,Playwriting,Workshop,,,,,,,,,,,,,,,,
1.123333333,Poetics,Of,Screenplay,The,Art,Of,Plotting,,,,,,,,,,,
2.082857143,Poetry,Writing,Workshop,,,,,,,,,,,,,,,
2.125,Pol,&amp;,Soc,Environ,Of,Mm,,,,,,,,,,,,
2.48,Pol,Chg,In,3rd,Wrld,,,,,,,,,,,,,
2.8,Pol,In,Contemp,Mid,East,,,,,,,,,,,,,
2.58,Pol&amp;pwr/policy,Mkg,In,Dc,,,,,,,,,,,,,,
3.04,Polarization,,,,,,,,,,,,,,,,,
2.115,Policy,Museums&amp;cul,Herit,,,,,,,,,,,,,,,
1.94,Policymaking,In,The,Us,,,,,,,,,,,,,,
1.725,Politeness,And,Strategic,Politeness,And,Strategic,Interaction,,,,,,,,,,,
2.41,Political,Economy,,,,,,,,,,,,,,,,
1.945,Political,Science,Honors,,,,,,,,,,,,,,,
2.0275,Population,&amp;,Society,,,,,,,,,,,,,,,
2.2975,Portraits,Russ,Society,,,,,,,,,,,,,,,
2.43,Portraits,Sov,Society,,,,,,,,,,,,,,,
3,Post,Industrial,City,Media,City,New,Lifestyles/new,Forms,,,,,,,,,,
2.4,Post,Industrial,City,Media,City,--,New,Lifestyles,New,Forms,,,,,,,,
1.975,Poverty,Race,And,Health,,,,,,,,,,,,,,
1.774,Preceptorship,In,Clin,Be,,,,,,,,,,,,,,
3.01,Prehistory,To,Renaissance,Intro,To,Western,Art,From,Its,Beginning,To,1400,,,,,,
1.885,Presbyterian,Medical,Center,,,,,,,,,,,,,,,
2.04,Presbyterian,Medical,Center,-,Ace,Unit,,,,,,,,,,,,
1.5,Prevention,Of,Tobacco,Addiction,In,Pre-adolescent,Children,Of,Philadelphia,,,,,,,,,
2.672,Pricing,Policy,,,,,,,,,,,,,,,,
1.816,Pricing,Strategies,,,,,,,,,,,,,,,,
2.694,Prin,Of,Digital,Design,,,,,,,,,,,,,,
2.832666667,Prin,Of,Digital,Dsgn,Lab,,,,,,,,,,,,,
3.436666667,Princ,Biological,Chem,,,,,,,,,,,,,,,
3.1075,Principles,Drug,Action,,,,,,,,,,,,,,,
2.7992,Principles,I,,,,,,,,,,,,,,,,
2.88,Principles,I,Without,Lab,,,,,,,,,,,,,,
3.065,Principles,Ii,,,,,,,,,,,,,,,,
3.1075,Principles,Iii,,,,,,,,,,,,,,,,
3.231,Principles,Iv,Mod.phys.,,,,,,,,,,,,,,,
2.902571429,Principles,Of,Accounting,,,,,,,,,,,,,,,
1.87,Principles,Of,Advertisng,,,,,,,,,,,,,,,
2.183333333,Principles,Of,Human,Nutrition,,,,,,,,,,,,,,
3.69,Principles,Of,Org,Chem,Organic,Chemistry,Ii,Principles,Of,Organic,Chemistry,With,Applications,In,,,,
1.9975,Principles,Of,Retailing,,,,,,,,,,,,,,,
3.156666667,Principlesii,Without,Lab,,,,,,,,,,,,,,,
3.67,Priniples,Of,Org,Chem,Organic,Chemistry,Ii,Principles,Of,Organic,Chemistry,,,,,,,
3.297391304,Probability,,,,,,,,,,,,,,,,,
2.93,Problems,In,Fin,Reportin,,,,,,,,,,,,,,
3.364,Process,Sys,Design,Proj,,,,,,,,,,,,,,
1.95,Prod,Dev/entrep,Ventures,,,,,,,,,,,,,,,
1.69,Product,Design,,,,,,,,,,,,,,,,
2.39,Professional,Ethics,,,,,,,,,,,,,,,,
3.104444444,Prog,Lang,&amp;,Tech,I,,,,,,,,,,,,,
3.186666667,Prog,Lang,And,Tech,Ii,,,,,,,,,,,,,
1.66,Project,Management,,,,,,,,,,,,,,,,
2.89,Proof,In,Math,Phil,Law,,,,,,,,,,,,,
2.64,Proving,Things,Algebra,,,,,,,,,,,,,,,
3.1375,Proving,Things,Analysis,,,,,,,,,,,,,,,
2.045,Provocative,Performance,,,,,,,,,,,,,,,,
1.7475,Prtg,For,Spanish,Speaker,,,,,,,,,,,,,,
3.07,Psci,Bfs,Power,Sharing,In,Deeply,Divided,Places,,,,,,,,,,
2.090666667,Psych,Mental,Health,Nursing,Clinical,,,,,,,,,,,,,
2.224285714,Psych,Mental,Health,Nursing,Theory,,,,,,,,,,,,,
2.3525,Psychiatric,Mental,Health,Nursing,Clinical,,,,,,,,,,,,,
1.7775,Psychiatric,Nursing,,,,,,,,,,,,,,,,
2.536666667,Psychoanalysis,&amp;,Anthro,,,,,,,,,,,,,,,
1.778571429,Psychological,And,Social,Diversity,In,Health,And,Wellness,,,,,,,,,,
0.8,Psychology,Of,Food,,,,,,,,,,,,,,,
2.515,Psychology,Of,Language,,,,,,,,,,,,,,,
2.42,Public,Finance,,,,,,,,,,,,,,,,
2.412,Public,Policy,Analysis,,,,,,,,,,,,,,,
2.63,Public,Policy,And,The,Nation's,Health,,,,,,,,,,,,
2.37,Public,Space,Public,Life,,,,,,,,,,,,,,
2.115,Python,Prog,,,,,,,,,,,,,,,,
2.645,Quant,Analysis,Anth,Data,,,,,,,,,,,,,,
2.563333333,Quantitative,Research,Methods,In,Communication,,,,,,,,,,,,,
2.854,Quantum,Comp,&amp;,Inf,Sci,,,,,,,,,,,,,
2.837777778,Quantum,Phys,Of,Matls,,,,,,,,,,,,,,
2.4975,Race,Gender,Class,And,The,History,Of,American,Health,Care,,,,,,,,
3.465,Race,&amp;,Criminal,Justice,,,,,,,,,,,,,,
2.0475,Race,&amp;,Ethnic,Relations,,,,,,,,,,,,,,
2.19,Race,And,Ethnic,Politics,,,,,,,,,,,,,,
3.035,Race,Crime,&amp;,Punishment,,,,,,,,,,,,,,
2.875,Rates,And,Dates,,,,,,,,,,,,,,,
3,Ravdin,6,,,,,,,,,,,,,,,,
3.05,Ravdin,9,,,,,,,,,,,,,,,,
2.266666667,Rdg/wrtg--new,Journalism,Long-form,Journalism,,,,,,,,,,,,,,
1.96,Rdg/wrtg--new,Journalism,Long-form,Journalistic,Writing,,,,,,,,,,,,,
1.855,Reading,The,Classics,,,,,,,,,,,,,,,
3.624,Real,Estate,Development,,,,,,,,,,,,,,,
2.2725,Real,Estate,Entrepreneur,,,,,,,,,,,,,,,
3.163888889,Real,Estate,Investments,,,,,,,,,,,,,,,
2.5975,Real,Estate,Law,,,,,,,,,,,,,,,
2.7875,Rec,Adult,Health,And,Illness,,,,,,,,,,,,,
2.2525,Rec,Maternity,,,,,,,,,,,,,,,,
2.6325,Rec,Nursing,Of,Children,,,,,,,,,,,,,,
2.470353982,Recitation,,,,,,,,,,,,,,,,,
2.713333333,Recitation,Adult,Health,&amp;,Illness,,,,,,,,,,,,,
1.6025,Recitation,Meets,In,Fagin,Hall,Room,112,,,,,,,,,,,
1.94,Recitation,Meets,In,Fagin,Hall,Room,118,-,Note,4-Mar,30pm,,,,,,,
1.5125,Recitation,Meets,In,Fagin,Hall,Room,205,,,,,,,,,,,
1.60625,Recitation,Meets,In,Fagin,Hall,Room,207,,,,,,,,,,,
1.567142857,Recitation,Meets,In,Fagin,Hall,Room,208,,,,,,,,,,,
1.513333333,Recitation,Meets,In,Fagin,Hall,Room,209,,,,,,,,,,,
1.506666667,Recitation,Meets,In,Fagin,Hall,Room,213,,,,,,,,,,,
1.44,Recitation,Meets,In,Fagin,Hall,Room,214,,,,,,,,,,,
1.545,Recitation,Meets,In,Fagin,Hall,Room,215,,,,,,,,,,,
1.5075,Recitation,Meets,In,Fagin,Hall,Room,219-220,,,,,,,,,,,
3.275,Recitation,Rec,Critical,Care,,,,,,,,,,,,,,
3.2,Recitation,Recitation,Critical,Care,,,,,,,,,,,,,,
1.986666667,Recitation,Recitation,Maternity,,,,,,,,,,,,,,,
2.61,Recitation,Recitation,Pediatrics,,,,,,,,,,,,,,,
3.343333333,Reform,&amp;,Rev,In,Americas,,,,,,,,,,,,,
2.21,Rehearsal,And,Performance,-,On,The,Town,,,,,,,,,,,
1.98,Religion,&amp;,Us,Public,Pol,,,,,,,,,,,,,
2.29,Religion,Ancient,Egypt,,,,,,,,,,,,,,,
1.65,Religion,And,Literature,,,,,,,,,,,,,,,
1.785,Religions,Of,The,West,,,,,,,,,,,,,,
2.76,Religious,And,Colonial,Rule,In,Africa,,,,,,,,,,,,
2.61,Ren-contemp,Art,&gt;1400,Renaissance,To,Contemp,,,,,,,,,,,,
2.765,Renaissance,Lit,&amp;,Cultr,,,,,,,,,,,,,,
2.415,Renaissance-contemporary,,,,,,,,,,,,,,,,,
2.6925,Renew,Energy&amp;its,Impact,,,,,,,,,,,,,,,
2.684615385,Res,Methods/prac,In,Ir,,,,,,,,,,,,,,
2.79,Res,Sem,Health,&amp;,Society,,,,,,,,,,,,,
2.33,Research,And,Innovation,The,Landscape,Of,Research,And,Innovation,At,Penn,,,,,,,
2.765,Research,Exp,Abnormal,Gender,Differences,In,Adolescent,Psychopathology,,,,,,,,,,
2.651111111,Research,Exp,Abnormal,Psychopathology,,,,,,,,,,,,,,
2.176666667,Research,Exp,Social,Psyc,,,,,,,,,,,,,,
1.485,Research,Exp,Social,Psyc,Sexuality,&amp;,Attraction,,,,,,,,,,,
2.253333333,Research,Methodology,,,,,,,,,,,,,,,,
2.088,Research,Seminar,,,,,,,,,,,,,,,,
3.1,Research,Seminar,On,Experiments,In,Crime,And,Justice,,,,,,,,,,
1.875,Research/inquiry-based,Service,Residency,,,,,,,,,,,,,,,
1.716666667,Retail,Merchandising,,,,,,,,,,,,,,,,
2.35,Rhetoric,&amp;,The,Community,,,,,,,,,,,,,,
2.59,Rhoads,3,,,,,,,,,,,,,,,,
3.2725,Rhoads,4,,,,,,,,,,,,,,,,
2.805,Rhoads,6,,,,,,,,,,,,,,,,
2.845,Rise,&amp;,Fall,Of,Russ,Emp,,,,,,,,,,,,
1.92,Rise&amp;fall,Of,Spanish,Emp,,,,,,,,,,,,,,
2.5865,Risk,Management,,,,,,,,,,,,,,,,
1.5675,Risky,Business,,,,,,,,,,,,,,,,
2.75,Ritual,Communication,,,,,,,,,,,,,,,,
3.076666667,Rna,World,Func&amp;comp,Anal,,,,,,,,,,,,,,
2.515,Roman,Sculpture,,,,,,,,,,,,,,,,
1.441666667,Ruby,On,Rals,Web,Develp,,,,,,,,,,,,,
2.28,Russ,Lit,To,1870s,,,,,,,,,,,,,,
2.3025,Russia,And,The,West,,,,,,,,,,,,,,
1.432,Russian,And,East,European,Film,Ii,,,,,,,,,,,,
1.015,Russian,Film,1900-1945,,,,,,,,,,,,,,,
1.48,Russian,History,In,Film,,,,,,,,,,,,,,
2.364,Russian,Lit,After,1870,,,,,,,,,,,,,,
1.715,Saints,&amp;,Devils,Russ,Lit,,,,,,,,,,,,,
0.716923077,Samba,Ensemble,,,,,,,,,,,,,,,,
2.015,Sample,Survey,Methods,,,,,,,,,,,,,,,
3.25,Sanskrit,1st,Yr,Part,Ii,,,,,,,,,,,,,
2.685,Scalable,&amp;,Cloud,Comp,,,,,,,,,,,,,,
2.265,Scandalous,Arts,In,Ancient,And,Modern,Societies,,,,,,,,,,,
2.735,School,Reform,And,Public,Policy,,,,,,,,,,,,,
2.236666667,Sci,Med,Tech,Col,India,,,,,,,,,,,,,
2.318,Sci,Of,Sex,&amp;,Sexuality,,,,,,,,,,,,,
1.65,Science,&amp;,Art,Of,Biotech,,,,,,,,,,,,,
2.5,Science,&amp;,Literature,,,,,,,,,,,,,,,
2.25,Science,And,The,Senses,,,,,,,,,,,,,,
2.386,Science,Technolgy,&amp;,War,,,,,,,,,,,,,,
2.078181818,Screenwriting,Workshop,,,,,,,,,,,,,,,,
2.055,Sculpture,Practices,,,,,,,,,,,,,,,,
1.182,Selected,Topics,In,Med,Infectious,Diseases,,,,,,,,,,,,
2.845714286,Seminar,,,,,,,,,,,,,,,,,
2.855,Seminar,Adult,Health,&amp;,Illness,,,,,,,,,,,,,
3.22,Seminar,Critical,Care,,,,,,,,,,,,,,,
1.615,Seminar,Ob,,,,,,,,,,,,,,,,
2.37,Seminar,Pediatrics,,,,,,,,,,,,,,,,
2.48,Seminar,Psycholinguistics,,,,,,,,,,,,,,,,
2.366666667,Seminar,Abnormal,Psych,Gender,And,Psychopatholo,,,,,,,,,,,,
2.556666667,Seminar,Decision,Making,Judgment,And,Decisions,,,,,,,,,,,,
2.33,Seminar,Develop,Psych,Psychology,Of,Imagination,,,,,,,,,,,,
2.075,Seminar,Evolution,Psych,Behavioral,Biology,Of,Women,,,,,,,,,,,
2.21,Seminar,In,Afams,Blacks,In,Amer,Film/tv,,,,,,,,,,,
2.526666667,Seminar,In,Cog,Neurosci,Consciousness,,,,,,,,,,,,,
2.96,Seminar,In,Perception,Visual,Processing,,,,,,,,,,,,,
1.94,Seminar,In,Social,Psych,Friendship,&amp;,Attraction,,,,,,,,,,,
2.24,Seminar,In,Social,Psych,Moral,Psychology,,,,,,,,,,,,
1.81,Seminar,In,Social,Psych,Obedience,,,,,,,,,,,,,
2.1575,Seminar,In,Social,Psych,Psychology,And,Law,,,,,,,,,,,
2.16,Seminar,In,Social,Psych,Psychology,And,Religion,,,,,,,,,,,
1.93,Seminar,Positive,Psych,Imagination,And,Creativity,In,Psychology,An,Applied,Course,&amp;,Research,Study,,,,
2.073333333,Senior,Capstone,,,,,,,,,,,,,,,,
1.625,Senior,Colloquium,,,,,,,,,,,,,,,,
2.256,Senior,Design,,,,,,,,,,,,,,,,
2.728571429,Senior,Design,Project,,,,,,,,,,,,,,,
3.885,Senior,Honors,In,Hist,I,,,,,,,,,,,,,
3.4825,Senior,Honors,In,Hist,I,Senior,Honors,,,,,,,,,,,
1.938571429,Senior,Honors,Sem,Psych,,,,,,,,,,,,,,
2.62625,Senior,Inquiry,,,,,,,,,,,,,,,,
2.254444444,Senior,Project,,,,,,,,,,,,,,,,
2.55,Senior,Research,Seminar,Thesis,Workshop,,,,,,,,,,,,,
3.17125,Senior,Seminar,,,,,,,,,,,,,,,,
3.021578947,Senior,Seminar,For,Thesis,Research,,,,,,,,,,,,,
3.121111111,Senior,Seminar,Project,,,,,,,,,,,,,,,
2.875,Senior,Thesis,,,,,,,,,,,,,,,,
2.44,Senior,Thesis-biomed,Sci,,,,,,,,,,,,,,,
3.056,Separation,Processes,,,,,,,,,,,,,,,,
3.0075,Sequential,Drawing,,,,,,,,,,,,,,,,
2.52,Service,Op,Mdls&amp;appl,,,,,,,,,,,,,,,
2.415,Service,Op,Mdls&amp;appl,Service,Operations,Models,And,Applications,,,,,,,,,,
2.655,Sex,&amp;,Human,Nature,,,,,,,,,,,,,,
2.2075,Silverstein,10,,,,,,,,,,,,,,,,
3.415,Silverstein,11,,,,,,,,,,,,,,,,
3.1125,Silverstein,12,,,,,,,,,,,,,,,,
3.183333333,Silverstein,9,,,,,,,,,,,,,,,,
1.892,Situating,The,Practice,Of,Nursing,,,,,,,,,,,,,
1.44,Sleep,What,Is,It,Why,Do,We,Need,It,And,How,Can,We,Get,More?,,,
2.18,Snip,&amp;,Tuck,Hist,Of,Surg,,,,,,,,,,,,
2.39,Soc,Determinants,Hlth,,,,,,,,,,,,,,,
2.055,Soc,Innov,&amp;,Soc,Entrprse,,,,,,,,,,,,,
2.1825,Soc.,Of,Media,&amp;,Pop,Cult,,,,,,,,,,,,
2.68,Social,Choice,,,,,,,,,,,,,,,,
1.985,Social,Conflict,,,,,,,,,,,,,,,,
1.985,Social,Entrepreneurship,,,,,,,,,,,,,,,,
2.24,Social,Impact,&amp;,Resp,,,,,,,,,,,,,,
1.72,Social,Impact,Of,Mktg,,,,,,,,,,,,,,
2.705,Social,Movements,,,,,,,,,,,,,,,,
1.935,Social,Prob,&amp;,Pub,Policy,,,,,,,,,,,,,
2.41,Social,Psychology,,,,,,,,,,,,,,,,
2.02625,Social,Statistics,,,,,,,,,,,,,,,,
2.2,Social,Stratification,,,,,,,,,,,,,,,,
1.883333333,Society,&amp;,Cult,In,Brazil,,,,,,,,,,,,,
2.0725,Sociocultural,Influences,On,Health,,,,,,,,,,,,,,
1.68,Sociology,Of,Gender,,,,,,,,,,,,,,,
1.546666667,Sociology,Of,Religion,,,,,,,,,,,,,,,
2.8825,Soft,Materials,,,,,,,,,,,,,,,,
1.888,Software,Design/engineer,,,,,,,,,,,,,,,,
1.993333333,Solarsystem,Exoplanets,,,,,,,,,,,,,,,,
2.546666667,Solarsystem,Exoplanets,The,Solar,System,Exoplanets,And,Life,,,,,,,,,,
3.25,Sound,Sem,Sonic,Measures,,,,,,,,,,,,,,
2.9,Sound,Structure,Of,Lang,,,,,,,,,,,,,,
1.74,Sounding,Poetry,Music,And,Literature,,,,,,,,,,,,,
2.095,South,Asians,In,The,Us,,,,,,,,,,,,,
2.23,Soviet,&amp;,Post-sov,Econ,,,,,,,,,,,,,,
1.935,Special,Topics,Digital,Marketing,And,Electronic,Commerce,,,,,,,,,,,
2.1,Special,Topics,In,Comm,Communication,&amp;,Art,,,,,,,,,,,
2.22,Spiritual,Communication,,,,,,,,,,,,,,,,
2.224285714,Sports,Business,Mgmt,,,,,,,,,,,,,,,
1.9025,Sports,Law,,,,,,,,,,,,,,,,
1.12,Sports,Ventures,&amp;,Soc,Im,,,,,,,,,,,,,
2.456666667,Sr,Design,Proj,I-ee/sse,,,,,,,,,,,,,,
2.732,Sr,Design,Proj,Ii-ee/sse,,,,,,,,,,,,,,
2.185,Sr,Thesis/biomed,Science,,,,,,,,,,,,,,,
3.033333333,Stat,For,Economists,,,,,,,,,,,,,,,
2.615,Statics,&amp;,Strenth,Of,Mat,,,,,,,,,,,,,
3.248421053,Statistical,Inference,,,,,,,,,,,,,,,,
2.72,Statistical,Methods,Psci,,,,,,,,,,,,,,,
2.4175,Statistics,For,Biologist,,,,,,,,,,,,,,,
2.385,Statistics,For,Research,And,Measurement,,,,,,,,,,,,,
2.395,Stds,African-amer,Music,,,,,,,,,,,,,,,
1.63,Stem,Cell,Science,In,Schools,History,Ethic,And,Education,,,,,,,,,
2.39,Stem,Cells,Sci,&amp;,Soc,,,,,,,,,,,,,
2.09,Stem,Cells,&amp;,Society,,,,,,,,,,,,,,
3.3125,Stoch,Sys,Analysis,Simul,,,,,,,,,,,,,,
3.3125,Stochastic,Processes,,,,,,,,,,,,,,,,
1.996,Strat,&amp;,Prac,Of,Family,,,,,,,,,,,,,
1.1975,Strat,For,Econ,Inclusion,,,,,,,,,,,,,,
1.5775,Strategic,Brand,Mgmt,,,,,,,,,,,,,,,
2.56,Strategic,Equity,Finance,,,,,,,,,,,,,,,
2.935,Strategic,Reasoning,,,,,,,,,,,,,,,,
2.54,Strategy,Policy,&amp;,War,,,,,,,,,,,,,,
3.2225,Strctre,At,The,Nanoscale,,,,,,,,,,,,,,
2.64,Structural,Biology,,,,,,,,,,,,,,,,
2.73,Structural,Biology,Structural,Biology,&amp;,Genomics,,,,,,,,,,,,
2.6,Structural,Geology,,,,,,,,,,,,,,,,
2.865,Structural,Materials,,,,,,,,,,,,,,,,
1.96,Structure,Of,Asl,,,,,,,,,,,,,,,
2.51,Studies,In,Span,Am,Cltr,Detectives,Criminals,And,Writers,In,Contemporary,Latin,American,Literature,,,,
1.476666667,Study,Abroad,,,,,,,,,,,,,,,,
2.4,Study,Of,A,Period,The,Twentieth,Century,,,,,,,,,,,
2.29,Study,Of,An,Author,Shakespeare,And,Film,,,,,,,,,,,
2.15,Study,Of,An,Author,Shakespeare,And,His,Afterlives,Film,Theater,Culture,,,,,,,
2.625,Sufism,,,,,,,,,,,,,,,,,
3.24,Survey,Of,Ethical,Theory,Metaethics,,,,,,,,,,,,,
2.814285714,Survey,Of,The,Universe,,,,,,,,,,,,,,
2.81,Sustainability,And,Utopianism,,,,,,,,,,,,,,,
1.72,Sustainable,Dev,In,Ghana,,,,,,,,,,,,,,
2.45,Symphony,,,,,,,,,,,,,,,,,
1.9975,Sys,Methodology,,,,,,,,,,,,,,,,
2.115,Systems,Biol,Int,Phys,,,,,,,,,,,,,,
3.14,Systems,Neuroscience,,,,,,,,,,,,,,,,
2.75,Tax,Planning,&amp;,Administr,,,,,,,,,,,,,,
3.374666667,Taxes,And,Bus,Strategy,,,,,,,,,,,,,,
1.25,Teaching,Comp,Sci,Basics,,,,,,,,,,,,,,
1.57,Tech,&amp;,Eng,In,Medicine,,,,,,,,,,,,,
2.99,Tech,Innova,&amp;,Bus,Hist,,,,,,,,,,,,,
2.7175,Techn,Innov,&amp;,Entrship,,,,,,,,,,,,,,
2.166,Technology,&amp;,Society,,,,,,,,,,,,,,,
1.852857143,Technology,And,Policy,,,,,,,,,,,,,,,
2.46,Terrorism,,,,,,,,,,,,,,,,,
2.465,Texts,And,Contexts,,,,,,,,,,,,,,,
2.31,The,Age,Of,Chaucer,,,,,,,,,,,,,,
2.635,The,Age,Of,Milton,,,,,,,,,,,,,,
3.395,The,American,Presidency,,,,,,,,,,,,,,,
2.565,The,American,South,,,,,,,,,,,,,,,
2,The,Art,Of,Speaking,Comm,Within,The,Curriculum,Speaking,Advisor,Training,,,,,,,
1.93,The,Art,Of,The,Profile,,,,,,,,,,,,,
2.466,The,Arts,&amp;,Popular,Cult.,,,,,,,,,,,,,
2.52,The,Arts,And,Popular,Culture,,,,,,,,,,,,,
3.153333333,The,Big,Bang,And,Beyond,,,,,,,,,,,,,
2.55,The,Biology,Of,Food,,,,,,,,,,,,,,
2.76,The,Causes,Of,War&amp;peace,,,,,,,,,,,,,,
2.83,The,City,,,,,,,,,,,,,,,,
2.2775,The,City,In,South,Asia,,,,,,,,,,,,,
1.65,The,Coen,Brothers,And,Their,Influences,,,,,,,,,,,,
2.163333333,The,Devil's,Pact,Lit,,,,,,,,,,,,,,
2.95,The,Embodied,Mind,,,,,,,,,,,,,,,
2.616666667,The,European,Union,,,,,,,,,,,,,,,
2.52,The,Evolution,Of,Animal,Behavior,,,,,,,,,,,,,
2.0725,The,Family,,,,,,,,,,,,,,,,
2.4275,The,Honors,Program,,,,,,,,,,,,,,,
2.413333333,The,Immigrant,City,,,,,,,,,,,,,,,
2.475,The,Information,Age,,,,,,,,,,,,,,,
2.56,The,Making,Of,Modern,Paris,,,,,,,,,,,,,
2.285,The,Modern,World,And,Its,Cultural,Background,,,,,,,,,,,
1.31,The,Nature,Of,Nurs,Practice,,,,,,,,,,,,,
1.786666667,The,Nature,Of,Nursing,Practice,,,,,,,,,,,,,
2,The,New,African,Diaspora,African,Immigrant,Lives,In,West,Philadelphia,,,,,,,,
1.1,The,Next,Millenium,Next,Millenium,Would,Technology,Help,Us,Resolve,The,Environmental,Dilemma?,,,,,
2.09,The,Play,,,,,,,,,,,,,,,,
2.458,The,Politics,Of,Food,,,,,,,,,,,,,,
2.496666667,The,Politics,Of,Government,In,Washington,Community,,,,,,,,,,,
2.312,The,Politics,Of,Housing,And,Urban,Development,,,,,,,,,,,
2.435,The,Politics,Of,Ugly,,,,,,,,,,,,,,
2.673333333,The,Religious,Other,,,,,,,,,,,,,,,
2.066666667,The,Rich,And,The,Poor,,,,,,,,,,,,,
2.24,The,Romantic,Period,Romantic,Revolutions,,,,,,,,,,,,,
2.50625,The,Social,Contract,,,,,,,,,,,,,,,
1.5625,The,Superbug,Epidemic,,,,,,,,,,,,,,,
2.3,The,Transformation,Of,Urban,America,,,,,,,,,,,,,
2.11,The,Translation,Of,Poetry,And,The,Poetry,Of,Translation,,,,,,,,,
2.98,The,Tudors,,,,,,,,,,,,,,,,
1.63,Theatre,Hist,Cltr,I,,,,,,,,,,,,,,
2.42,Theatre,Hist,Cltr,Ii,,,,,,,,,,,,,,
2.71,Theatre,Hist,Cltr,Iii,,,,,,,,,,,,,,
2.25,Theatre,Hist,&amp;,Cultr,Ii,Romantics,Realists,And,Revolutionaries,,,,,,,,,
1.5025,Theatre,In,Philadelphia,,,,,,,,,,,,,,,
1.3775,Theoretical,Foundations,Of,Health,Care,Ethics,,,,,,,,,,,,
2.655,Theories,Gendr/sexuality,Feminist,Theory,,,,,,,,,,,,,,
2.653333333,Theory,&amp;,Muscianship,Ii,,,,,,,,,,,,,,
2.68,Theory,&amp;,Musicianship,I,,,,,,,,,,,,,,
2.25,Theory,&amp;,Musicianshp,Iii,,,,,,,,,,,,,,
2.83,Theory,Of,Networks,,,,,,,,,,,,,,,
2.678,Theory/musicianship,I,,,,,,,,,,,,,,,,
2.76,Theory/musicianship,Ii,,,,,,,,,,,,,,,,
3.505,Theory/musicianship,Iv,,,,,,,,,,,,,,,,
3.388333333,Thermodynamics,I,,,,,,,,,,,,,,,,
3.31,Thermodynamics,Of,Fluids,,,,,,,,,,,,,,,
2.06,Thinking,With,Models,,,,,,,,,,,,,,,
2.64,Third,Reich,,,,,,,,,,,,,,,,
2.225,Tolstoy,,,,,,,,,,,,,,,,,
1.835,Topics,Italian,Culture,Exploring,Ethnicity,The,Italian,American,Experience,,,,,,,,,
2.975,Topics,Latin,Literature,Topics,Latin,Literature,,,,,,,,,,,,
2.84,Topics,17th-century,Lit,Milton,,,,,,,,,,,,,,
2.25,Topics,20th-c,Literature,The,Future,Of,Memory,,,,,,,,,,,
2.705,Topics,Drama,To,1660,Intro,To,Shakespeare,,,,,,,,,,,
2.4225,Topics,Film,Studies,Cinema,&amp;,Globalization,,,,,,,,,,,,
2.215,Topics,Film,Studies,Transnational,Cinema,,,,,,,,,,,,,
1.97,Topics,In,Architecture,Theory,Ii,Cultural,Ecology,,,,,,,,,,,
1.79,Topics,In,Brazilian,Cult,Popular,Culture,And,Political,Context,In,Brazilian,Contemporary,Cinema,,,,,
2.535,Topics,In,Development,,,,,,,,,,,,,,,
2.6,Topics,In,European,Hist,Secular,Judaism,And,Jews,,,,,,,,,,
1.903333333,Topics,In,Film,And,Lit,Modern,Sci-fi,Cinema,,,,,,,,,,
1.616666667,Topics,In,Film,Practice,Mod,Science,Fiction,Film,,,,,,,,,,
2.63,Topics,In,History,&amp;,Theory,Ii,Cultural,Ecology,,,,,,,,,,
1.986666667,Topics,In,Literature,Copyright,And,Culture,,,,,,,,,,,,
1.215,Topics,In,Literature,Writing,About,Art,,,,,,,,,,,,
2.25,Topics,In,Metaphysics,Phil,&amp;,Science,Fiction,,,,,,,,,,,
2.045,Topics,In,Sociology,Poverty/social,Exclusion,,,,,,,,,,,,,
2.415,Topics,In,Us,History,Japanese/amer,Internment,,,,,,,,,,,,
1.905,Topics,In,World,History,,,,,,,,,,,,,,
1.78,Topics,In,World,History,History,Of,China,,,,,,,,,,,
2.17,Topics,Renaissance,Drama,Acting,Shakespeare,,,,,,,,,,,,,
2.27,Tpcs,Span/ltam,Cinema,The,Great,Illusion,Over,A,Century,Of,Spanish,Cinema,,,,,,
2.66,Tpcs,18th-c,British,Lit,China,In,English,Imagina,,,,,,,,,,
2.13,Tpcs,History,Of,The,Book,Writ&amp;read,Early,Mod,Euro,,,,,,,,,
1.67,Tpcs,In,Africana,Studies,The,History,Of,Women,And,Men,Of,African,Descent,At,The,University,Of,Penn
2.75,Tpcs,In,Int'l,Relations,Counterintelligence,,,,,,,,,,,,,
1.89,Tpcs,In,Int'l,Relations,Theory/prac,Counterintel,,,,,,,,,,,,
2.54,Transnatl,Issues,Global,,,,,,,,,,,,,,,
3.02,Tutorial,In,Linguistics,,,,,,,,,,,,,,,
2.69,Typography,,,,,,,,,,,,,,,,,
3.28,Undergrad,Methods,Sem,,,,,,,,,,,,,,,
3.49,Undergraduate,Methods,Seminar,,,,,,,,,,,,,,,
2.71,Undergraduate,Seminar,Global,Approaches,To,Art,History,Early,Modern,Court,Culture,,,,,,,
2.53,Urb,Pub,Pol,&amp;,Priv,Devel,,,,,,,,,,,,
2.076666667,Urb,Univ-community,Rel,Faculty/student,Collaborative,Action,Seminar,Urban,Univ/comm,Relations,,,,,,,,
1.575,Urban,Asthma,Epidemic,,,,,,,,,,,,,,,
1.96,Urban,Education,,,,,,,,,,,,,,,,
2.071666667,Urban,Environments,Speaking,About,Lead,In,West,Philadelphia,,,,,,,,,,
2.748571429,Urban,Fiscal,Policy,,,,,,,,,,,,,,,
2.24,Urban,Journalism,,,,,,,,,,,,,,,,
2.913333333,Urban,Law,,,,,,,,,,,,,,,,
2.266666667,Urban,Politics,In,The,Us,,,,,,,,,,,,,
2.695,Urban,Pub,Policy,Contemporary,Phila.,A,Case,Study,,,,,,,,,,
2.383333333,Urban,Real,Estate,Mrkts,,,,,,,,,,,,,,
1.955,Urban,Redevelopment,,,,,,,,,,,,,,,,
1.917,Urban,Research,Methods,,,,,,,,,,,,,,,
2.195,Urban,Sociology,,,,,,,,,,,,,,,,
2.575,Urban,Studies,Honors,,,,,,,,,,,,,,,
2.37,Us,And,China,1912-2012,,,,,,,,,,,,,,
3.565,Us,Foreign,Pol,Mid,East,,,,,,,,,,,,,
2.395,Utopia,,,,,,,,,,,,,,,,,
2.66,Ven,Capital,&amp;,Ent,Mgmt,,,,,,,,,,,,,
2.995,Vent,Cap,&amp;,Fnce,Innovat,,,,,,,,,,,,,
2.859090909,Vertebrate,Physiology,,,,,,,,,,,,,,,,
1.93,Veteran's,Administration,Medical,Center,(Vamc),,,,,,,,,,,,,
3.4175,Vibration,Mech,Systems,,,,,,,,,,,,,,,
2.3625,Video,I,,,,,,,,,,,,,,,,
1.46,Villa,Gardens,And,Villa,Life,Cultural,And,Social,Transformations,,,,,,,,,
2.335,Violence,Against,Women,In,Conflict,Sexuality,Terrorism,And,Human,Rights,,,,,,,,
2.425714286,Viper,Seminar,Vagelos,Integrated,Program,In,Energy,Research,(Viper),Seminar,Part,I,,,,,,
1.948,Viper,Seminar,Ii,Vagelos,Integrated,Program,In,Energy,Research,(Viper),Seminar,Ii,,,,,,
1.875,Visions,Rome/art-lit-cin,,,,,,,,,,,,,,,,
1.925,Visual,Communication,,,,,,,,,,,,,,,,
1.275,Visual,Communication,Lab,,,,,,,,,,,,,,,
2.516666667,Visual,Neuroscience,,,,,,,,,,,,,,,,
3.59,Visualization,,,,,,,,,,,,,,,,,
3.08,Visualization,I,Representation,,,,,,,,,,,,,,,
3.272,Visualization,Ii,,,,,,,,,,,,,,,,
3.265,Visualization,Ii,Fabrication,,,,,,,,,,,,,,,
2.13,Visualizing,The,Past,,,,,,,,,,,,,,,
1.77,Voice,For,The,Actor,,,,,,,,,,,,,,
1.85,Voices,Of,Israel,In,Film,&amp;,Literature,,,,,,,,,,,
1.98,Web,Design,,,,,,,,,,,,,,,,
1.615,Wharton,Field,Challenge,Financial,Literacy,Community,Project,(Flcp),,,,,,,,,,
2.13,When,Disaster,Strikes,The,Fault,Lines,Of,Humanitarian,Aid,,,,,,,,,
2.83,Whug,Research,Scholars,,,,,,,,,,,,,,,
2.07,Witchcraft,&amp;,Possession,,,,,,,,,,,,,,,
2.835,Wlrd,Hist,E,Asia/ltam,Unoff,Hist,Col,Caribbean,,,,,,,,,,
2.22,Women,And,Religion,,,,,,,,,,,,,,,
2.106,World,Film,Hist,'45-pres,,,,,,,,,,,,,,
1.936666667,World,Film,Hist,To,1945,,,,,,,,,,,,,
1.831714286,World,Musics,&amp;,Cultures,,,,,,,,,,,,,,
2.4,World,Of,The,Middle,Ages,,,,,,,,,,,,,
3.033333333,World,War,I,,,,,,,,,,,,,,,
2.1225,Writing,For,Children,,,,,,,,,,,,,,,
2.66,Writing,Sem,Global,Engl,Commun,&amp;,Connect,Online,,,,,,,,,,
2.534285714,Writing,Sem,Global,Engl,Digital,Literacies,,,,,,,,,,,,
2.81,Writing,Sem,Global,Engl,English,As,Global,Lang,,,,,,,,,,
2.665,Writing,Sem,Global,Engl,Global,Foodways,,,,,,,,,,,,
2.55,Writing,Sem,Global,Engl,Global,Health,,,,,,,,,,,,
2.778333333,Writing,Sem,Global,Engl,Global,Health,&amp;,Healing,,,,,,,,,,
2.54,Writing,Sem,Global,Engl,Informal,Economies,,,,,,,,,,,,
2.83,Writing,Sem,Global,Engl,Online,Privacy,,,,,,,,,,,,
2.625,Writing,Sem,Global,Engl,Superfluous,Citizens,,,,,,,,,,,,
2.4075,Writing,Sem,Global,Engl,The,Politics,Of,Home,,,,,,,,,,
2.34,Writing,Seminar,In,Anth,Ameritocracy,,,,,,,,,,,,,
2.566666667,Writing,Seminar,In,Anth,Arch,Hist,&amp;,Bible,,,,,,,,,,
2.2,Writing,Seminar,In,Anth,Bones,Of,Contention,,,,,,,,,,,
2.718333333,Writing,Seminar,In,Anth,Consumption,And,Society,,,,,,,,,,,
2.45,Writing,Seminar,In,Anth,Drinking,&amp;,Cultural,Diff,,,,,,,,,,
2.27,Writing,Seminar,In,Anth,Drugs,For,Life,,,,,,,,,,,
2.648333333,Writing,Seminar,In,Anth,Fakes/forgeries,In,Arch,,,,,,,,,,,
2.32,Writing,Seminar,In,Anth,Global,Development,&amp;Ngos,,,,,,,,,,,
2.385,Writing,Seminar,In,Anth,Global,Health,,,,,,,,,,,,
2.69,Writing,Seminar,In,Anth,Global,Health,&amp;,Healing,,,,,,,,,,
2.485,Writing,Seminar,In,Anth,Humanitarian,Relief,,,,,,,,,,,,
2.3,Writing,Seminar,In,Anth,Informal,Economies,,,,,,,,,,,,
2.775,Writing,Seminar,In,Anth,Just,Lean,In,,,,,,,,,,,
2.537142857,Writing,Seminar,In,Anth,Philanthropy,&amp;,Capital,,,,,,,,,,,
2.8975,Writing,Seminar,In,Anth,Pol,Violence,Justice,,,,,,,,,,,
3.28,Writing,Seminar,In,Anth,The,Meaning,Of,Money,,,,,,,,,,
2.575,Writing,Seminar,In,Anth,The,Politics,Of,Ngos,,,,,,,,,,
2.655,Writing,Seminar,In,Anth,Unmaking,Soviet,Life,,,,,,,,,,,
2.665,Writing,Seminar,In,Arch,Science,Of,Social,Space,,,,,,,,,,
2.29,Writing,Seminar,In,Arth,Art,Artists,&amp;,Identity,,,,,,,,,,
2.785,Writing,Seminar,In,Arth,Medieval,In,Art,&amp;,Film,,,,,,,,,
2.4,Writing,Seminar,In,Arth,Sample,Remix,Mash-up,,,,,,,,,,,
2.405555556,Writing,Seminar,In,Asam,Race,And,Popular,Cinema,,,,,,,,,,
2.31,Writing,Seminar,In,Cine,Apocalypse,Now,,,,,,,,,,,,
2.496,Writing,Seminar,In,Cine,Chick,Flicks,,,,,,,,,,,,
2.436666667,Writing,Seminar,In,Cine,Dressed,To,Thrill,,,,,,,,,,,
2.52,Writing,Seminar,In,Cine,Gotta,Dance,,,,,,,,,,,,
2.8,Writing,Seminar,In,Cine,Noble,Savages,In,Eur,Cin,,,,,,,,,
2.41,Writing,Seminar,In,Cine,Pixar,And,Masculinity,,,,,,,,,,,
2.594285714,Writing,Seminar,In,Cine,Psycho,A,Case,History,,,,,,,,,,
2.413333333,Writing,Seminar,In,Cine,Pulp,Fictions,,,,,,,,,,,,
2.476666667,Writing,Seminar,In,Cine,The,Third,Man,,,,,,,,,,,
2.3175,Writing,Seminar,In,Clst,Madness,&amp;,Wine,,,,,,,,,,,
2.398571429,Writing,Seminar,In,Clst,Magic,In,Ancient,World,,,,,,,,,,
2.713333333,Writing,Seminar,In,Clst,Monstrous,Mothers,,,,,,,,,,,,
2.47,Writing,Seminar,In,Clst,Power,And,Persuasion,,,,,,,,,,,
2.7675,Writing,Seminar,In,Clst,The,Roman,Arena,,,,,,,,,,,
2.585,Writing,Seminar,In,Clst,Violence,And,Vengeance,,,,,,,,,,,
2.745,Writing,Seminar,In,Coml,Hearts,Of,Darkness,,,,,,,,,,,
2.315,Writing,Seminar,In,Coml,James,Joyce's,Dubliners,,,,,,,,,,,
2.145,Writing,Seminar,In,Coml,Kafka,,,,,,,,,,,,,
2.69,Writing,Seminar,In,Coml,Monsters,Incorporated,,,,,,,,,,,,
2.825,Writing,Seminar,In,Coml,Poetic,Vision,,,,,,,,,,,,
2.625,Writing,Seminar,In,Coml,Politics,Of,Intimacy,,,,,,,,,,,
2.48,Writing,Seminar,In,Coml,Thoreau's,Walden,,,,,,,,,,,,
2.578333333,Writing,Seminar,In,Coml,Why,Hamlet?,,,,,,,,,,,,
2.853333333,Writing,Seminar,In,Comm,Marketing,And,Tourism,,,,,,,,,,,
2.786666667,Writing,Seminar,In,Comm,Networked,Teenagers,,,,,,,,,,,,
2.475,Writing,Seminar,In,Crim,Death,Penalty,In,The,Us,,,,,,,,,
2.3,Writing,Seminar,In,Ealc,Zen,Traditions,,,,,,,,,,,,
2.07,Writing,Seminar,In,Eas,Art,Of,Engineering,,,,,,,,,,,
2.68,Writing,Seminar,In,Engl,A,Brave,New,World,,,,,,,,,,
2.945,Writing,Seminar,In,Engl,Bad,Romance,,,,,,,,,,,,
2.245,Writing,Seminar,In,Engl,Blade,Runner,,,,,,,,,,,,
2.534666667,Writing,Seminar,In,Engl,Comic,Art,,,,,,,,,,,,
2.66,Writing,Seminar,In,Engl,Deciphering,Avant-garde,,,,,,,,,,,,
2.865,Writing,Seminar,In,Engl,Jane,Austens,,,,,,,,,,,,
2.605,Writing,Seminar,In,Engl,Literary,Gossip,,,,,,,,,,,,
2.66,Writing,Seminar,In,Engl,Living,For,The,City,,,,,,,,,,
2.565,Writing,Seminar,In,Engl,Mark,My,Words,,,,,,,,,,,
2.725,Writing,Seminar,In,Engl,Medieval,Outlaws,,,,,,,,,,,,
2.625,Writing,Seminar,In,Engl,Milton's,Paradise,Lost,,,,,,,,,,,
2.9,Writing,Seminar,In,Engl,Moby-dick,,,,,,,,,,,,,
2.598333333,Writing,Seminar,In,Engl,On,Photography,,,,,,,,,,,,
2.815,Writing,Seminar,In,Engl,Orwell,In,Europe,,,,,,,,,,,
3.19,Writing,Seminar,In,Engl,Persuading,Lovers,,,,,,,,,,,,
2.535,Writing,Seminar,In,Engl,Poe,&amp;,Detective,Story,,,,,,,,,,
2.365,Writing,Seminar,In,Engl,Poem,Changed,America,,,,,,,,,,,
2.925,Writing,Seminar,In,Engl,Postcolonial,Writers,,,,,,,,,,,,
2.74,Writing,Seminar,In,Engl,Prison,In,American,Lit.,,,,,,,,,,
2.576666667,Writing,Seminar,In,Engl,Quiet,On,Western,Front,,,,,,,,,,
2.65,Writing,Seminar,In,Engl,Reading,Karl,Marx,,,,,,,,,,,
2.355,Writing,Seminar,In,Engl,Satan's,Guises,,,,,,,,,,,,
2.72,Writing,Seminar,In,Engl,Shakespeare,&amp;,Adaptation,,,,,,,,,,,
2.51,Writing,Seminar,In,Engl,The,Conscience,Of,War,,,,,,,,,,
3.128333333,Writing,Seminar,In,Engl,The,Great,Gatsby,,,,,,,,,,,
2.49,Writing,Seminar,In,Engl,The,Hardboiled,Detective,,,,,,,,,,,
2.825,Writing,Seminar,In,Engl,The,Trial,In,Literature,,,,,,,,,,
2.75,Writing,Seminar,In,Engl,TRUE,Crime,,,,,,,,,,,,
2.565,Writing,Seminar,In,Engl,Virginia,Woolf,,,,,,,,,,,,
2.975,Writing,Seminar,In,Engl,Warhol,&amp;,O'hara,,,,,,,,,,,
2.465,Writing,Seminar,In,Engl,What,Else,Can,Poetry,Do?,,,,,,,,,
2.315,Writing,Seminar,In,Engl,Wizard,Of,Oz,In,Context,,,,,,,,,
2.32,Writing,Seminar,In,Engl,Writing,By,The,Numb3rs,,,,,,,,,,
2.06,Writing,Seminar,In,Envs,Law,Environment,Ident,,,,,,,,,,,
2.58,Writing,Seminar,In,Hist,Cit.,&amp;,Subj.,Cont,Africa,,,,,,,,,
2.805,Writing,Seminar,In,Hist,Nelson,Mandela,,,,,,,,,,,,
2.665,Writing,Seminar,In,Hist,Student,Protest,Of,1968,,,,,,,,,,
2.855,Writing,Seminar,In,Hist,The,1970s,,,,,,,,,,,,
2.681666667,Writing,Seminar,In,Hist,The,Lion,King,,,,,,,,,,,
2.895714286,Writing,Seminar,In,Hist,Winston,Churchill,,,,,,,,,,,,
2.53,Writing,Seminar,In,Musc,Musicians,On,Music,,,,,,,,,,,
2.69,Writing,Seminar,In,Nelc,Greek,And,Roman,Warfare,,,,,,,,,,
2.955,Writing,Seminar,In,Phil,Criminalization,,,,,,,,,,,,,
2.733333333,Writing,Seminar,In,Phil,Eating,Ethically,,,,,,,,,,,,
2.383333333,Writing,Seminar,In,Phil,Environmental,Ethics,,,,,,,,,,,,
2.68,Writing,Seminar,In,Phil,Machines,And,Mind,,,,,,,,,,,
2.51,Writing,Seminar,In,Phil,Morality,&amp;,Health,Care,,,,,,,,,,
2.0975,Writing,Seminar,In,Phil,Novel,As,Guide,To,Moral,,,,,,,,,
2.85,Writing,Seminar,In,Phil,Playing,Games,,,,,,,,,,,,
2.29,Writing,Seminar,In,Phil,Science,And,Human,Nature,,,,,,,,,,
2.54,Writing,Seminar,In,Phil,The,Ethics,Of,Identity,,,,,,,,,,
2.556,Writing,Seminar,In,Psci,Democracy,In,America,,,,,,,,,,,
2.725,Writing,Seminar,In,Psci,Green,Cities,,,,,,,,,,,,
2.65,Writing,Seminar,In,Psci,Money,And,Democracy,,,,,,,,,,,
2.845,Writing,Seminar,In,Psci,Moral,Limits,Of,Markets,,,,,,,,,,
2.4125,Writing,Seminar,In,Psci,Pol,Culture,&amp;,Policy,Dev,,,,,,,,,
2.675,Writing,Seminar,In,Psci,Political,Movements,,,,,,,,,,,,
2.25,Writing,Seminar,In,Psci,Rhetoric,Of,Presidency,,,,,,,,,,,
3.445,Writing,Seminar,In,Psci,Socrat,Methd,&amp;,Democracy,,,,,,,,,,
2.8,Writing,Seminar,In,Psci,Urban,Planning,Utopias,,,,,,,,,,,
2.345,Writing,Seminar,In,Psyc,Emotions,Revealed,,,,,,,,,,,,
2.3325,Writing,Seminar,In,Psyc,How,Memories,Define,Us,,,,,,,,,,
2.23,Writing,Seminar,In,Psyc,Neuroscience,Of,Violence,,,,,,,,,,,
2.626,Writing,Seminar,In,Psyc,Novelist,&amp;,Neuroscientst,,,,,,,,,,,
2.34,Writing,Seminar,In,Psyc,Science,Of,Creativity,,,,,,,,,,,
2.48,Writing,Seminar,In,Rels,The,Origins,Of,Evil,,,,,,,,,,
2.735,Writing,Seminar,In,Soci,Contested,Illness,,,,,,,,,,,,
2.655,Writing,Seminar,In,Soci,Culture,War?,,,,,,,,,,,,
2.43,Writing,Seminar,In,Soci,Mass,Incarceration,,,,,,,,,,,,
2.205,Writing,Seminar,In,Soci,Soc,Of,Harry,Potter,,,,,,,,,,
2.2925,Writing,Seminar,In,Soci,Terror,&amp;,Counterterror,,,,,,,,,,,
2.72,Writing,Seminar,In,Soci,When,Disaster,Strikes,,,,,,,,,,,
2.135,Writing,Seminar,In,Stsc,Clinical,Trials,,,,,,,,,,,,
2.576666667,Writing,Seminar,In,Stsc,Finding,Mr.,Right,,,,,,,,,,,
2.526666667,Writing,Seminar,In,Stsc,Marine,Ecologies,,,,,,,,,,,,
2.2425,Writing,Systems,,,,,,,,,,,,,,,,
2.2,Writing,Through,Cult,Art,,,,,,,,,,,,,,
2.75,Writing,Through,Cult,Art,Writing,Through,Art/lit,,,,,,,,,,,
2.565,Wrtg,Hist,In,Greece&amp;rome,,,,,,,,,,,,,,